ZoneID;Arable_Min;Arable_Max;Arable_slack;Arable_alloc;Arable_Price;Pastures_Min;Pastures_Max;Pastures_slack;Pastures_alloc;Pastures_Price;PermanentCrops_Min;PermanentCrops_Max;PermanentCrops_slack;PermanentCrops_alloc;PermanentCrops_Price;NewEnergyCrops_Min;NewEnergyCrops_Max;NewEnergyCrops_slack;NewEnergyCrops_alloc;NewEnergyCrops_Price;
IT11;499509;509601;0.0100009;0;;39115;241022;0.720744;0;;50605;117434;0.397699;0;;10142;15521;0.209601;0;
IT12;4145;4229;0.010031;0;;5096;34272;0.74111;0;;189;1306;0.747157;0;;781;1195;0.209514;0;
IT13;14958;15261;0.0100268;0;;608;11086;0.896015;0;;15924;21436;0.147537;0;;485;742;0.209454;0;
IT20;691123;705086;0.0100007;0;;38261;165647;0.624723;0;;15773;40236;0.436769;0;;10345;15831;0.209581;0;
IT31;34399;35093;0.00998676;0;;47453;150545;0.520672;0;;43626;54729;0.112887;0;;3061;4684;0.209555;0;
IT32;682551;696339;0.00999935;0;;72754;137172;0.306861;0;;78278;136822;0.272171;0;;8165;12495;0.209584;0;
IT33;160885;164135;0.00999939;0;;23069;111356;0.656775;0;;17107;30344;0.278961;0;;3350;5126;0.209533;0;
IT40;1030618;1051438;0.00999973;0;;0;82426;1;0;;4528;87990;0.902116;0;;12434;19028;0.209586;0;
IT51;582423;594189;0.0099999;0;;52292;119065;0.389672;0;;143840;212223;0.192053;0;;7538;11536;0.209605;0;
IT52;288441;294269;0.0100015;0;;7781;32519;0.613846;0;;34163;52677;0.213197;0;;3458;5292;0.2096;0;
IT53;441710;450634;0.0100006;0;;2802;56067;0.904806;0;;1460;20751;0.868534;0;;5511;8433;0.209552;0;
IT60;505358;515568;0.0100007;0;;10077;122482;0.847962;0;;142959;212834;0.196392;0;;7769;11890;0.209624;0;
IT71;246852;251838;0.00999819;0;;18516;136629;0.761307;0;;62558;98213;0.221775;0;;5312;8129;0.209583;0;
IT72;183405;187111;0.0100023;0;;305;37097;0.983691;0;;21095;44179;0.353648;0;;2556;3911;0.209525;0;
IT80;490734;500648;0.0100002;0;;9453;73136;0.771083;0;;109805;205858;0.30429;0;;6684;10230;0.209649;0;
IT91;1216169;1240738;0.00999997;0;;42157;137366;0.530344;0;;486924;708917;0.185638;0;;13703;20970;0.209587;0;
IT92;417500;425934;0.0099996;0;;0;14114;1;0;;25951;55829;0.365346;0;;4480;6856;0.209598;0;
IT93;492561;502511;0.00999928;0;;0;30152;1;0;;239342;326167;0.153534;0;;5206;7966;0.209535;0;
ITA0;1170056;1193693;0.00999979;0;;28672;202990;0.752467;0;;393814;586423;0.196492;0;;15167;23211;0.209599;0;
ITB0;396887;404905;0.0100001;0;;204700;446160;0.370986;0;;38046;65686;0.266456;0;;9789;14981;0.209608;0;

"ClaimRange(type 0 (Urban), NUTS2_merged_LUISA 0 (ITC1)) = [min 93188, max 106957]; 0 allocated for price {0, 0}"
" ClaimRange(type 0 (Urban), NUTS2_merged_LUISA 1 (ITC2)) = [min 3639, max 4672]; 0 allocated for price {0, 0}"
" ClaimRange(type 0 (Urban), NUTS2_merged_LUISA 2 (ITC3)) = [min 21749, max 24029]; 0 allocated for price {0, 0}"
" ClaimRange(type 0 (Urban), NUTS2_merged_LUISA 3 (ITC4)) = [min 205025, max 255506]; 0 allocated for price {0, 0}"
" ClaimRange(type 0 (Urban), NUTS2_merged_LUISA 4 (ITD1)) = [min 9432, max 12670]; 0 allocated for price {0, 0}"
" ClaimRange(type 0 (Urban), NUTS2_merged_LUISA 5 (ITD2)) = [min 14866, max 17854]; 0 allocated for price {0, 0}"
" ClaimRange(type 0 (Urban), NUTS2_merged_LUISA 6 (ITD3)) = [min 118234, max 154416]; 0 allocated for price {0, 0}"
" ClaimRange(type 0 (Urban), NUTS2_merged_LUISA 7 (ITD4)) = [min 46342, max 53607]; 0 allocated for price {0, 0}"
" ClaimRange(type 0 (Urban), NUTS2_merged_LUISA 8 (ITD5)) = [min 74628, max 102898]; 0 allocated for price {0, 0}"
" ClaimRange(type 0 (Urban), NUTS2_merged_LUISA 9 (ITE1)) = [min 68822, max 83160]; 0 allocated for price {0, 0}"
" ClaimRange(type 0 (Urban), NUTS2_merged_LUISA 10 (ITE2)) = [min 21542, max 26108]; 0 allocated for price {0, 0}"
" ClaimRange(type 0 (Urban), NUTS2_merged_LUISA 11 (ITE3)) = [min 30578, max 36907]; 0 allocated for price {0, 0}"
" ClaimRange(type 0 (Urban), NUTS2_merged_LUISA 12 (ITE4)) = [min 78531, max 106788]; 0 allocated for price {0, 0}"
" ClaimRange(type 0 (Urban), NUTS2_merged_LUISA 13 (ITF1)) = [min 22828, max 27675]; 0 allocated for price {0, 0}"
" ClaimRange(type 0 (Urban), NUTS2_merged_LUISA 14 (ITF2)) = [min 6057, max 6432]; 0 allocated for price {0, 0}"
" ClaimRange(type 0 (Urban), NUTS2_merged_LUISA 15 (ITF3)) = [min 81970, max 95011]; 0 allocated for price {0, 0}"
" ClaimRange(type 0 (Urban), NUTS2_merged_LUISA 16 (ITF4)) = [min 71782, max 76890]; 0 allocated for price {0, 0}"
" ClaimRange(type 0 (Urban), NUTS2_merged_LUISA 17 (ITF5)) = [min 10189, max 10598]; 0 allocated for price {0, 0}"
" ClaimRange(type 0 (Urban), NUTS2_merged_LUISA 18 (ITF6)) = [min 44412, max 47339]; 0 allocated for price {0, 0}"
" ClaimRange(type 0 (Urban), NUTS2_merged_LUISA 19 (ITG1)) = [min 104490, max 112311]; 0 allocated for price {0, 0}"
" ClaimRange(type 0 (Urban), NUTS2_merged_LUISA 20 (ITG2)) = [min 48438, max 49369]; 0 allocated for price {0, 0}"
" ClaimRange(type 1 (Industrial), NUTS2_LUISA 0 (ITE1)) = [min 24946, max 25471]; 0 allocated for price {0, 0}"
" ClaimRange(type 1 (Industrial), NUTS2_LUISA 1 (ITF2)) = [min 1743, max 1783]; 0 allocated for price {0, 0}"
" ClaimRange(type 1 (Industrial), NUTS2_LUISA 2 (ITG2)) = [min 12882, max 13175]; 0 allocated for price {0, 0}"
" ClaimRange(type 1 (Industrial), NUTS2_LUISA 3 (ITC2)) = [min 940, max 960]; 0 allocated for price {0, 0}"
" ClaimRange(type 1 (Industrial), NUTS2_LUISA 4 (ITC1)) = [min 29740, max 30356]; 0 allocated for price {0, 0}"
" ClaimRange(type 1 (Industrial), NUTS2_LUISA 5 (ITF3)) = [min 13527, max 13814]; 0 allocated for price {0, 0}"
" ClaimRange(type 1 (Industrial), NUTS2_LUISA 6 (ITD3)) = [min 39306, max 40114]; 0 allocated for price {0, 0}"
" ClaimRange(type 1 (Industrial), NUTS2_LUISA 7 (ITG1)) = [min 14530, max 14848]; 0 allocated for price {0, 0}"
" ClaimRange(type 1 (Industrial), NUTS2_LUISA 8 (ITC4)) = [min 55273, max 56398]; 0 allocated for price {0, 0}"
" ClaimRange(type 1 (Industrial), NUTS2_LUISA 9 (ITE4)) = [min 18718, max 19097]; 0 allocated for price {0, 0}"
" ClaimRange(type 1 (Industrial), NUTS2_LUISA 10 (ITE3)) = [min 13356, max 13644]; 0 allocated for price {0, 0}"
" ClaimRange(type 1 (Industrial), NUTS2_LUISA 11 (ITF4)) = [min 19581, max 20003]; 0 allocated for price {0, 0}"
" ClaimRange(type 1 (Industrial), NUTS2_LUISA 12 (ITD5)) = [min 34884, max 35589]; 0 allocated for price {0, 0}"
" ClaimRange(type 1 (Industrial), NUTS2_LUISA 13 (ITD1)) = [min 1744, max 1779]; 0 allocated for price {0, 0}"
" ClaimRange(type 1 (Industrial), NUTS2_LUISA 14 (ITF5)) = [min 4023, max 4121]; 0 allocated for price {0, 0}"
" ClaimRange(type 1 (Industrial), NUTS2_LUISA 15 (ITF6)) = [min 7035, max 7198]; 0 allocated for price {0, 0}"
" ClaimRange(type 1 (Industrial), NUTS2_LUISA 16 (ITF1)) = [min 8120, max 8294]; 0 allocated for price {0, 0}"
" ClaimRange(type 1 (Industrial), NUTS2_LUISA 17 (ITD4)) = [min 10523, max 10748]; 0 allocated for price {0, 0}"
" ClaimRange(type 1 (Industrial), NUTS2_LUISA 18 (ITE2)) = [min 6459, max 6591]; 0 allocated for price {0, 0}"
" ClaimRange(type 1 (Industrial), NUTS2_LUISA 19 (ITD2)) = [min 1833, max 1870]; 0 allocated for price {0, 0}"
" ClaimRange(type 1 (Industrial), NUTS2_LUISA 20 (ITC3)) = [min 3172, max 3241]; 0 allocated for price {0, 0}"
" ClaimRange(type 2 (Arable), Capri 0 (IT11: Piemonte)) = [min 499509, max 509601]; 0 allocated for price {0, 0}"
" ClaimRange(type 2 (Arable), Capri 1 (IT12: Valle d'Aosta)) = [min 4145, max 4229]; 0 allocated for price {0, 0}"
" ClaimRange(type 2 (Arable), Capri 2 (IT13: Liguria)) = [min 14958, max 15261]; 0 allocated for price {0, 0}"
" ClaimRange(type 2 (Arable), Capri 3 (IT20: Lombardia)) = [min 691123, max 705086]; 0 allocated for price {0, 0}"
" ClaimRange(type 2 (Arable), Capri 4 (IT31: Trentino-Alto Adige)) = [min 34399, max 35093]; 0 allocated for price {0, 0}"
" ClaimRange(type 2 (Arable), Capri 5 (IT32: Veneto)) = [min 682551, max 696339]; 0 allocated for price {0, 0}"
" ClaimRange(type 2 (Arable), Capri 6 (IT33: Friuli-Venezia Giulia)) = [min 160885, max 164135]; 0 allocated for price {0, 0}"
" ClaimRange(type 2 (Arable), Capri 7 (IT40: Emilia-Romagna)) = [min 1030618, max 1051438]; 0 allocated for price {0, 0}"
" ClaimRange(type 2 (Arable), Capri 8 (IT51: Toscana)) = [min 582423, max 594189]; 0 allocated for price {0, 0}"
" ClaimRange(type 2 (Arable), Capri 9 (IT52: Umbria)) = [min 288441, max 294269]; 0 allocated for price {0, 0}"
" ClaimRange(type 2 (Arable), Capri 10 (IT53: Marche)) = [min 441710, max 450634]; 0 allocated for price {0, 0}"
" ClaimRange(type 2 (Arable), Capri 11 (IT60: Lazio)) = [min 505358, max 515568]; 0 allocated for price {0, 0}"
" ClaimRange(type 2 (Arable), Capri 12 (IT71: Abruzzo)) = [min 246852, max 251838]; 0 allocated for price {0, 0}"
" ClaimRange(type 2 (Arable), Capri 13 (IT72: Molise)) = [min 183405, max 187111]; 0 allocated for price {0, 0}"
" ClaimRange(type 2 (Arable), Capri 14 (IT80: Campania)) = [min 490734, max 500648]; 0 allocated for price {0, 0}"
" ClaimRange(type 2 (Arable), Capri 15 (IT91: Puglia)) = [min 1216169, max 1240738]; 0 allocated for price {0, 0}"
" ClaimRange(type 2 (Arable), Capri 16 (IT92: Basilicata)) = [min 417500, max 425934]; 0 allocated for price {0, 0}"
" ClaimRange(type 2 (Arable), Capri 17 (IT93: Calabria)) = [min 492561, max 502511]; 0 allocated for price {0, 0}"
" ClaimRange(type 2 (Arable), Capri 18 (ITA0: Sicilia)) = [min 1170056, max 1193693]; 0 allocated for price {0, 0}"
" ClaimRange(type 2 (Arable), Capri 19 (ITB0: Sardegna)) = [min 396887, max 404905]; 0 allocated for price {0, 0}"
" ClaimRange(type 3 (PermanentCrops), Capri 0 (IT11: Piemonte)) = [min 50605, max 117434]; 0 allocated for price {0, 0}"
" ClaimRange(type 3 (PermanentCrops), Capri 1 (IT12: Valle d'Aosta)) = [min 189, max 1306]; 0 allocated for price {0, 0}"
" ClaimRange(type 3 (PermanentCrops), Capri 2 (IT13: Liguria)) = [min 15924, max 21436]; 0 allocated for price {0, 0}"
" ClaimRange(type 3 (PermanentCrops), Capri 3 (IT20: Lombardia)) = [min 15773, max 40236]; 0 allocated for price {0, 0}"
" ClaimRange(type 3 (PermanentCrops), Capri 4 (IT31: Trentino-Alto Adige)) = [min 43626, max 54729]; 0 allocated for price {0, 0}"
" ClaimRange(type 3 (PermanentCrops), Capri 5 (IT32: Veneto)) = [min 78278, max 136822]; 0 allocated for price {0, 0}"
" ClaimRange(type 3 (PermanentCrops), Capri 6 (IT33: Friuli-Venezia Giulia)) = [min 17107, max 30344]; 0 allocated for price {0, 0}"
" ClaimRange(type 3 (PermanentCrops), Capri 7 (IT40: Emilia-Romagna)) = [min 4528, max 87990]; 0 allocated for price {0, 0}"
" ClaimRange(type 3 (PermanentCrops), Capri 8 (IT51: Toscana)) = [min 143840, max 212223]; 0 allocated for price {0, 0}"
" ClaimRange(type 3 (PermanentCrops), Capri 9 (IT52: Umbria)) = [min 34163, max 52677]; 0 allocated for price {0, 0}"
" ClaimRange(type 3 (PermanentCrops), Capri 10 (IT53: Marche)) = [min 1460, max 20751]; 0 allocated for price {0, 0}"
" ClaimRange(type 3 (PermanentCrops), Capri 11 (IT60: Lazio)) = [min 142959, max 212834]; 0 allocated for price {0, 0}"
" ClaimRange(type 3 (PermanentCrops), Capri 12 (IT71: Abruzzo)) = [min 62558, max 98213]; 0 allocated for price {0, 0}"
" ClaimRange(type 3 (PermanentCrops), Capri 13 (IT72: Molise)) = [min 21095, max 44179]; 0 allocated for price {0, 0}"
" ClaimRange(type 3 (PermanentCrops), Capri 14 (IT80: Campania)) = [min 109805, max 205858]; 0 allocated for price {0, 0}"
" ClaimRange(type 3 (PermanentCrops), Capri 15 (IT91: Puglia)) = [min 486924, max 708917]; 0 allocated for price {0, 0}"
" ClaimRange(type 3 (PermanentCrops), Capri 16 (IT92: Basilicata)) = [min 25951, max 55829]; 0 allocated for price {0, 0}"
" ClaimRange(type 3 (PermanentCrops), Capri 17 (IT93: Calabria)) = [min 239342, max 326167]; 0 allocated for price {0, 0}"
" ClaimRange(type 3 (PermanentCrops), Capri 18 (ITA0: Sicilia)) = [min 393814, max 586423]; 0 allocated for price {0, 0}"
" ClaimRange(type 3 (PermanentCrops), Capri 19 (ITB0: Sardegna)) = [min 38046, max 65686]; 0 allocated for price {0, 0}"
" ClaimRange(type 4 (Pastures), Capri 0 (IT11: Piemonte)) = [min 39115, max 241022]; 0 allocated for price {0, 0}"
" ClaimRange(type 4 (Pastures), Capri 1 (IT12: Valle d'Aosta)) = [min 5096, max 34272]; 0 allocated for price {0, 0}"
" ClaimRange(type 4 (Pastures), Capri 2 (IT13: Liguria)) = [min 608, max 11086]; 0 allocated for price {0, 0}"
" ClaimRange(type 4 (Pastures), Capri 3 (IT20: Lombardia)) = [min 38261, max 165647]; 0 allocated for price {0, 0}"
" ClaimRange(type 4 (Pastures), Capri 4 (IT31: Trentino-Alto Adige)) = [min 47453, max 150545]; 0 allocated for price {0, 0}"
" ClaimRange(type 4 (Pastures), Capri 5 (IT32: Veneto)) = [min 72754, max 137172]; 0 allocated for price {0, 0}"
" ClaimRange(type 4 (Pastures), Capri 6 (IT33: Friuli-Venezia Giulia)) = [min 23069, max 111356]; 0 allocated for price {0, 0}"
" ClaimRange(type 4 (Pastures), Capri 8 (IT51: Toscana)) = [min 52292, max 119065]; 0 allocated for price {0, 0}"
" ClaimRange(type 4 (Pastures), Capri 9 (IT52: Umbria)) = [min 7781, max 32519]; 0 allocated for price {0, 0}"
" ClaimRange(type 4 (Pastures), Capri 10 (IT53: Marche)) = [min 2802, max 56067]; 0 allocated for price {0, 0}"
" ClaimRange(type 4 (Pastures), Capri 11 (IT60: Lazio)) = [min 10077, max 122482]; 0 allocated for price {0, 0}"
" ClaimRange(type 4 (Pastures), Capri 12 (IT71: Abruzzo)) = [min 18516, max 136629]; 0 allocated for price {0, 0}"
" ClaimRange(type 4 (Pastures), Capri 13 (IT72: Molise)) = [min 305, max 37097]; 0 allocated for price {0, 0}"
" ClaimRange(type 4 (Pastures), Capri 14 (IT80: Campania)) = [min 9453, max 73136]; 0 allocated for price {0, 0}"
" ClaimRange(type 4 (Pastures), Capri 15 (IT91: Puglia)) = [min 42157, max 137366]; 0 allocated for price {0, 0}"
" ClaimRange(type 4 (Pastures), Capri 18 (ITA0: Sicilia)) = [min 28672, max 202990]; 0 allocated for price {0, 0}"
" ClaimRange(type 4 (Pastures), Capri 19 (ITB0: Sardegna)) = [min 204700, max 446160]; 0 allocated for price {0, 0}"
" ClaimRange(type 12 (NewEnergyCrops), Capri 0 (IT11: Piemonte)) = [min 10142, max 15521]; 0 allocated for price {0, 0}"
" ClaimRange(type 12 (NewEnergyCrops), Capri 1 (IT12: Valle d'Aosta)) = [min 781, max 1195]; 0 allocated for price {0, 0}"
" ClaimRange(type 12 (NewEnergyCrops), Capri 2 (IT13: Liguria)) = [min 485, max 742]; 0 allocated for price {0, 0}"
" ClaimRange(type 12 (NewEnergyCrops), Capri 3 (IT20: Lombardia)) = [min 10345, max 15831]; 0 allocated for price {0, 0}"
" ClaimRange(type 12 (NewEnergyCrops), Capri 4 (IT31: Trentino-Alto Adige)) = [min 3061, max 4684]; 0 allocated for price {0, 0}"
" ClaimRange(type 12 (NewEnergyCrops), Capri 5 (IT32: Veneto)) = [min 8165, max 12495]; 0 allocated for price {0, 0}"
" ClaimRange(type 12 (NewEnergyCrops), Capri 6 (IT33: Friuli-Venezia Giulia)) = [min 3350, max 5126]; 0 allocated for price {0, 0}"
" ClaimRange(type 12 (NewEnergyCrops), Capri 7 (IT40: Emilia-Romagna)) = [min 12434, max 19028]; 0 allocated for price {0, 0}"
" ClaimRange(type 12 (NewEnergyCrops), Capri 8 (IT51: Toscana)) = [min 7538, max 11536]; 0 allocated for price {0, 0}"
" ClaimRange(type 12 (NewEnergyCrops), Capri 9 (IT52: Umbria)) = [min 3458, max 5292]; 0 allocated for price {0, 0}"
" ClaimRange(type 12 (NewEnergyCrops), Capri 10 (IT53: Marche)) = [min 5511, max 8433]; 0 allocated for price {0, 0}"
" ClaimRange(type 12 (NewEnergyCrops), Capri 11 (IT60: Lazio)) = [min 7769, max 11890]; 0 allocated for price {0, 0}"
" ClaimRange(type 12 (NewEnergyCrops), Capri 12 (IT71: Abruzzo)) = [min 5312, max 8129]; 0 allocated for price {0, 0}"
" ClaimRange(type 12 (NewEnergyCrops), Capri 13 (IT72: Molise)) = [min 2556, max 3911]; 0 allocated for price {0, 0}"
" ClaimRange(type 12 (NewEnergyCrops), Capri 14 (IT80: Campania)) = [min 6684, max 10230]; 0 allocated for price {0, 0}"
" ClaimRange(type 12 (NewEnergyCrops), Capri 15 (IT91: Puglia)) = [min 13703, max 20970]; 0 allocated for price {0, 0}"
" ClaimRange(type 12 (NewEnergyCrops), Capri 16 (IT92: Basilicata)) = [min 4480, max 6856]; 0 allocated for price {0, 0}"
" ClaimRange(type 12 (NewEnergyCrops), Capri 17 (IT93: Calabria)) = [min 5206, max 7966]; 0 allocated for price {0, 0}"
" ClaimRange(type 12 (NewEnergyCrops), Capri 18 (ITA0: Sicilia)) = [min 15167, max 23211]; 0 allocated for price {0, 0}"
" ClaimRange(type 12 (NewEnergyCrops), Capri 19 (ITB0: Sardegna)) = [min 9789, max 14981]; 0 allocated for price {0, 0}"
" "