ZoneID;Arable_Min;Arable_Max;Arable_slack;Arable_alloc;Arable_Price;Pastures_Min;Pastures_Max;Pastures_slack;Pastures_alloc;Pastures_Price;PermanentCrops_Min;PermanentCrops_Max;PermanentCrops_slack;PermanentCrops_alloc;PermanentCrops_Price;NewEnergyCrops_Min;NewEnergyCrops_Max;NewEnergyCrops_slack;NewEnergyCrops_alloc;NewEnergyCrops_Price;
IT11;471604;481132;0.0100007;0;;33940;233100;0.745806;0;;61786;134544;0.37059;0;;17810;27254;0.209569;0;
IT12;4309;4397;0.010108;0;;2592;30441;0.843066;0;;0;799;1;0;;1360;2081;0.209532;0;
IT13;15122;15427;0.00998396;0;;0;9840;1;0;;15916;21423;0.147487;0;;858;1313;0.209581;0;
IT20;639129;652040;0.00999947;0;;46728;178602;0.585248;0;;20628;47665;0.395897;0;;18832;28819;0.209586;0;
IT31;39248;40041;0.0100014;0;;41116;140847;0.548084;0;;45719;57932;0.117828;0;;5365;8211;0.209635;0;
IT32;553441;564621;0.00999945;0;;96583;173637;0.285153;0;;84404;146197;0.267965;0;;14402;22041;0.209615;0;
IT33;140386;143223;0.0100032;0;;51596;155009;0.500535;0;;18010;31726;0.275776;0;;5954;9112;0.209611;0;
IT40;1000531;1020743;0.00999963;0;;0;78307;1;0;;10683;97408;0.802333;0;;22109;33835;0.209602;0;
IT51;573700;585289;0.00999923;0;;49062;114122;0.398691;0;;141127;208072;0.19171;0;;13408;20520;0.20962;0;
IT52;279774;285426;0.01;0;;8149;33083;0.604724;0;;33716;51992;0.213236;0;;6055;9267;0.209633;0;
IT53;434689;443471;0.0100005;0;;462;52485;0.982549;0;;289;18958;0.969969;0;;9650;14769;0.209632;0;
IT60;493228;503192;0.0099998;0;;6928;117663;0.888788;0;;140741;209439;0.196179;0;;13669;20920;0.209633;0;
IT71;237201;241993;0.0100001;0;;19146;137593;0.755696;0;;59766;93941;0.222339;0;;9468;14489;0.209584;0;
IT72;184427;188153;0.0100005;0;;0;31889;1;0;;25576;51037;0.332333;0;;4329;6625;0.209604;0;
IT80;478497;488163;0.00999938;0;;8505;71685;0.787879;0;;107725;202675;0.305896;0;;12043;18430;0.209595;0;
IT91;1195950;1220110;0.00999975;0;;52110;152598;0.490885;0;;458372;665222;0.184097;0;;24448;37412;0.20957;0;
IT92;423216;431766;0.0100002;0;;0;7025;1;0;;19816;46441;0.401844;0;;7809;11950;0.209575;0;
IT93;500994;511116;0.0100009;0;;0;17487;1;0;;233458;317164;0.152021;0;;8891;13606;0.209584;0;
ITA0;1135454;1158392;0.0099998;0;;38170;217524;0.70144;0;;356260;528954;0.195087;0;;26311;40264;0.209583;0;
ITB0;407031;415253;0.00999898;0;;222099;472787;0.360761;0;;32712;57523;0.27496;0;;17315;26497;0.209577;0;

"ClaimRange(type 0 (Urban), NUTS2_merged_LUISA 0 (ITC1)) = [min 93188, max 114455]; 0 allocated for price {0, 0}"
" ClaimRange(type 0 (Urban), NUTS2_merged_LUISA 1 (ITC2)) = [min 3639, max 5212]; 0 allocated for price {0, 0}"
" ClaimRange(type 0 (Urban), NUTS2_merged_LUISA 2 (ITC3)) = [min 21749, max 25629]; 0 allocated for price {0, 0}"
" ClaimRange(type 0 (Urban), NUTS2_merged_LUISA 3 (ITC4)) = [min 205025, max 285282]; 0 allocated for price {0, 0}"
" ClaimRange(type 0 (Urban), NUTS2_merged_LUISA 4 (ITD1)) = [min 9432, max 14182]; 0 allocated for price {0, 0}"
" ClaimRange(type 0 (Urban), NUTS2_merged_LUISA 5 (ITD2)) = [min 14866, max 19461]; 0 allocated for price {0, 0}"
" ClaimRange(type 0 (Urban), NUTS2_merged_LUISA 6 (ITD3)) = [min 118234, max 173562]; 0 allocated for price {0, 0}"
" ClaimRange(type 0 (Urban), NUTS2_merged_LUISA 7 (ITD4)) = [min 46342, max 57552]; 0 allocated for price {0, 0}"
" ClaimRange(type 0 (Urban), NUTS2_merged_LUISA 8 (ITD5)) = [min 74628, max 120345]; 0 allocated for price {0, 0}"
" ClaimRange(type 0 (Urban), NUTS2_merged_LUISA 9 (ITE1)) = [min 68822, max 91797]; 0 allocated for price {0, 0}"
" ClaimRange(type 0 (Urban), NUTS2_merged_LUISA 10 (ITE2)) = [min 21542, max 28661]; 0 allocated for price {0, 0}"
" ClaimRange(type 0 (Urban), NUTS2_merged_LUISA 11 (ITE3)) = [min 30578, max 40408]; 0 allocated for price {0, 0}"
" ClaimRange(type 0 (Urban), NUTS2_merged_LUISA 12 (ITE4)) = [min 78531, max 121609]; 0 allocated for price {0, 0}"
" ClaimRange(type 0 (Urban), NUTS2_merged_LUISA 13 (ITF1)) = [min 22828, max 29952]; 0 allocated for price {0, 0}"
" ClaimRange(type 0 (Urban), NUTS2_merged_LUISA 14 (ITF2)) = [min 6057, max 6476]; 0 allocated for price {0, 0}"
" ClaimRange(type 0 (Urban), NUTS2_merged_LUISA 15 (ITF3)) = [min 81970, max 99618]; 0 allocated for price {0, 0}"
" ClaimRange(type 0 (Urban), NUTS2_merged_LUISA 16 (ITF4)) = [min 71782, max 78114]; 0 allocated for price {0, 0}"
" ClaimRange(type 0 (Urban), NUTS2_merged_LUISA 17 (ITF5)) = [min 10189, max 10494]; 0 allocated for price {0, 0}"
" ClaimRange(type 0 (Urban), NUTS2_merged_LUISA 18 (ITF6)) = [min 44412, max 47611]; 0 allocated for price {0, 0}"
" ClaimRange(type 0 (Urban), NUTS2_merged_LUISA 19 (ITG1)) = [min 104490, max 115133]; 0 allocated for price {0, 0}"
" ClaimRange(type 0 (Urban), NUTS2_merged_LUISA 20 (ITG2)) = [min 47876, max 48795]; 0 allocated for price {0, 0}"
" ClaimRange(type 1 (Industrial), NUTS2_LUISA 0 (ITE1)) = [min 26966, max 27625]; 0 allocated for price {0, 0}"
" ClaimRange(type 1 (Industrial), NUTS2_LUISA 1 (ITF2)) = [min 1845, max 1895]; 0 allocated for price {0, 0}"
" ClaimRange(type 1 (Industrial), NUTS2_LUISA 2 (ITG2)) = [min 13488, max 13853]; 0 allocated for price {0, 0}"
" ClaimRange(type 1 (Industrial), NUTS2_LUISA 3 (ITC2)) = [min 1011, max 1036]; 0 allocated for price {0, 0}"
" ClaimRange(type 1 (Industrial), NUTS2_LUISA 4 (ITC1)) = [min 31373, max 32093]; 0 allocated for price {0, 0}"
" ClaimRange(type 1 (Industrial), NUTS2_LUISA 5 (ITF3)) = [min 14403, max 14736]; 0 allocated for price {0, 0}"
" ClaimRange(type 1 (Industrial), NUTS2_LUISA 6 (ITD3)) = [min 42293, max 43289]; 0 allocated for price {0, 0}"
" ClaimRange(type 1 (Industrial), NUTS2_LUISA 7 (ITG1)) = [min 15609, max 15997]; 0 allocated for price {0, 0}"
" ClaimRange(type 1 (Industrial), NUTS2_LUISA 8 (ITC4)) = [min 59594, max 60923]; 0 allocated for price {0, 0}"
" ClaimRange(type 1 (Industrial), NUTS2_LUISA 9 (ITE4)) = [min 20604, max 21040]; 0 allocated for price {0, 0}"
" ClaimRange(type 1 (Industrial), NUTS2_LUISA 10 (ITE3)) = [min 14430, max 14808]; 0 allocated for price {0, 0}"
" ClaimRange(type 1 (Industrial), NUTS2_LUISA 11 (ITF4)) = [min 20467, max 20951]; 0 allocated for price {0, 0}"
" ClaimRange(type 1 (Industrial), NUTS2_LUISA 12 (ITD5)) = [min 37726, max 38513]; 0 allocated for price {0, 0}"
" ClaimRange(type 1 (Industrial), NUTS2_LUISA 13 (ITD1)) = [min 1942, max 1983]; 0 allocated for price {0, 0}"
" ClaimRange(type 1 (Industrial), NUTS2_LUISA 14 (ITF5)) = [min 4227, max 4355]; 0 allocated for price {0, 0}"
" ClaimRange(type 1 (Industrial), NUTS2_LUISA 15 (ITF6)) = [min 7508, max 7710]; 0 allocated for price {0, 0}"
" ClaimRange(type 1 (Industrial), NUTS2_LUISA 16 (ITF1)) = [min 8636, max 8847]; 0 allocated for price {0, 0}"
" ClaimRange(type 1 (Industrial), NUTS2_LUISA 17 (ITD4)) = [min 11195, max 11477]; 0 allocated for price {0, 0}"
" ClaimRange(type 1 (Industrial), NUTS2_LUISA 18 (ITE2)) = [min 6883, max 7037]; 0 allocated for price {0, 0}"
" ClaimRange(type 1 (Industrial), NUTS2_LUISA 19 (ITD2)) = [min 2023, max 2065]; 0 allocated for price {0, 0}"
" ClaimRange(type 1 (Industrial), NUTS2_LUISA 20 (ITC3)) = [min 3456, max 3538]; 0 allocated for price {0, 0}"
" ClaimRange(type 2 (Arable), Capri 0 (IT11: Piemonte)) = [min 471604, max 481132]; 0 allocated for price {0, 0}"
" ClaimRange(type 2 (Arable), Capri 1 (IT12: Valle d'Aosta)) = [min 4309, max 4397]; 0 allocated for price {0, 0}"
" ClaimRange(type 2 (Arable), Capri 2 (IT13: Liguria)) = [min 15122, max 15427]; 0 allocated for price {0, 0}"
" ClaimRange(type 2 (Arable), Capri 3 (IT20: Lombardia)) = [min 639129, max 652040]; 0 allocated for price {0, 0}"
" ClaimRange(type 2 (Arable), Capri 4 (IT31: Trentino-Alto Adige)) = [min 39248, max 40041]; 0 allocated for price {0, 0}"
" ClaimRange(type 2 (Arable), Capri 5 (IT32: Veneto)) = [min 553441, max 564621]; 0 allocated for price {0, 0}"
" ClaimRange(type 2 (Arable), Capri 6 (IT33: Friuli-Venezia Giulia)) = [min 140386, max 143223]; 0 allocated for price {0, 0}"
" ClaimRange(type 2 (Arable), Capri 7 (IT40: Emilia-Romagna)) = [min 1000531, max 1020743]; 0 allocated for price {0, 0}"
" ClaimRange(type 2 (Arable), Capri 8 (IT51: Toscana)) = [min 573700, max 585289]; 0 allocated for price {0, 0}"
" ClaimRange(type 2 (Arable), Capri 9 (IT52: Umbria)) = [min 279774, max 285426]; 0 allocated for price {0, 0}"
" ClaimRange(type 2 (Arable), Capri 10 (IT53: Marche)) = [min 434689, max 443471]; 0 allocated for price {0, 0}"
" ClaimRange(type 2 (Arable), Capri 11 (IT60: Lazio)) = [min 493228, max 503192]; 0 allocated for price {0, 0}"
" ClaimRange(type 2 (Arable), Capri 12 (IT71: Abruzzo)) = [min 237201, max 241993]; 0 allocated for price {0, 0}"
" ClaimRange(type 2 (Arable), Capri 13 (IT72: Molise)) = [min 184427, max 188153]; 0 allocated for price {0, 0}"
" ClaimRange(type 2 (Arable), Capri 14 (IT80: Campania)) = [min 478497, max 488163]; 0 allocated for price {0, 0}"
" ClaimRange(type 2 (Arable), Capri 15 (IT91: Puglia)) = [min 1195950, max 1220110]; 0 allocated for price {0, 0}"
" ClaimRange(type 2 (Arable), Capri 16 (IT92: Basilicata)) = [min 423216, max 431766]; 0 allocated for price {0, 0}"
" ClaimRange(type 2 (Arable), Capri 17 (IT93: Calabria)) = [min 500994, max 511116]; 0 allocated for price {0, 0}"
" ClaimRange(type 2 (Arable), Capri 18 (ITA0: Sicilia)) = [min 1135454, max 1158392]; 0 allocated for price {0, 0}"
" ClaimRange(type 2 (Arable), Capri 19 (ITB0: Sardegna)) = [min 407031, max 415253]; 0 allocated for price {0, 0}"
" ClaimRange(type 3 (PermanentCrops), Capri 0 (IT11: Piemonte)) = [min 61786, max 134544]; 0 allocated for price {0, 0}"
" ClaimRange(type 3 (PermanentCrops), Capri 2 (IT13: Liguria)) = [min 15916, max 21423]; 0 allocated for price {0, 0}"
" ClaimRange(type 3 (PermanentCrops), Capri 3 (IT20: Lombardia)) = [min 20628, max 47665]; 0 allocated for price {0, 0}"
" ClaimRange(type 3 (PermanentCrops), Capri 4 (IT31: Trentino-Alto Adige)) = [min 45719, max 57932]; 0 allocated for price {0, 0}"
" ClaimRange(type 3 (PermanentCrops), Capri 5 (IT32: Veneto)) = [min 84404, max 146197]; 0 allocated for price {0, 0}"
" ClaimRange(type 3 (PermanentCrops), Capri 6 (IT33: Friuli-Venezia Giulia)) = [min 18010, max 31726]; 0 allocated for price {0, 0}"
" ClaimRange(type 3 (PermanentCrops), Capri 7 (IT40: Emilia-Romagna)) = [min 10683, max 97408]; 0 allocated for price {0, 0}"
" ClaimRange(type 3 (PermanentCrops), Capri 8 (IT51: Toscana)) = [min 141127, max 208072]; 0 allocated for price {0, 0}"
" ClaimRange(type 3 (PermanentCrops), Capri 9 (IT52: Umbria)) = [min 33716, max 51992]; 0 allocated for price {0, 0}"
" ClaimRange(type 3 (PermanentCrops), Capri 10 (IT53: Marche)) = [min 289, max 18958]; 0 allocated for price {0, 0}"
" ClaimRange(type 3 (PermanentCrops), Capri 11 (IT60: Lazio)) = [min 140741, max 209439]; 0 allocated for price {0, 0}"
" ClaimRange(type 3 (PermanentCrops), Capri 12 (IT71: Abruzzo)) = [min 59766, max 93941]; 0 allocated for price {0, 0}"
" ClaimRange(type 3 (PermanentCrops), Capri 13 (IT72: Molise)) = [min 25576, max 51037]; 0 allocated for price {0, 0}"
" ClaimRange(type 3 (PermanentCrops), Capri 14 (IT80: Campania)) = [min 107725, max 202675]; 0 allocated for price {0, 0}"
" ClaimRange(type 3 (PermanentCrops), Capri 15 (IT91: Puglia)) = [min 458372, max 665222]; 0 allocated for price {0, 0}"
" ClaimRange(type 3 (PermanentCrops), Capri 16 (IT92: Basilicata)) = [min 19816, max 46441]; 0 allocated for price {0, 0}"
" ClaimRange(type 3 (PermanentCrops), Capri 17 (IT93: Calabria)) = [min 233458, max 317164]; 0 allocated for price {0, 0}"
" ClaimRange(type 3 (PermanentCrops), Capri 18 (ITA0: Sicilia)) = [min 356260, max 528954]; 0 allocated for price {0, 0}"
" ClaimRange(type 3 (PermanentCrops), Capri 19 (ITB0: Sardegna)) = [min 32712, max 57523]; 0 allocated for price {0, 0}"
" ClaimRange(type 4 (Pastures), Capri 0 (IT11: Piemonte)) = [min 33940, max 233100]; 0 allocated for price {0, 0}"
" ClaimRange(type 4 (Pastures), Capri 1 (IT12: Valle d'Aosta)) = [min 2592, max 30441]; 0 allocated for price {0, 0}"
" ClaimRange(type 4 (Pastures), Capri 3 (IT20: Lombardia)) = [min 46728, max 178602]; 0 allocated for price {0, 0}"
" ClaimRange(type 4 (Pastures), Capri 4 (IT31: Trentino-Alto Adige)) = [min 41116, max 140847]; 0 allocated for price {0, 0}"
" ClaimRange(type 4 (Pastures), Capri 5 (IT32: Veneto)) = [min 96583, max 173637]; 0 allocated for price {0, 0}"
" ClaimRange(type 4 (Pastures), Capri 6 (IT33: Friuli-Venezia Giulia)) = [min 51596, max 155009]; 0 allocated for price {0, 0}"
" ClaimRange(type 4 (Pastures), Capri 8 (IT51: Toscana)) = [min 49062, max 114122]; 0 allocated for price {0, 0}"
" ClaimRange(type 4 (Pastures), Capri 9 (IT52: Umbria)) = [min 8149, max 33083]; 0 allocated for price {0, 0}"
" ClaimRange(type 4 (Pastures), Capri 10 (IT53: Marche)) = [min 462, max 52485]; 0 allocated for price {0, 0}"
" ClaimRange(type 4 (Pastures), Capri 11 (IT60: Lazio)) = [min 6928, max 117663]; 0 allocated for price {0, 0}"
" ClaimRange(type 4 (Pastures), Capri 12 (IT71: Abruzzo)) = [min 19146, max 137593]; 0 allocated for price {0, 0}"
" ClaimRange(type 4 (Pastures), Capri 14 (IT80: Campania)) = [min 8505, max 71685]; 0 allocated for price {0, 0}"
" ClaimRange(type 4 (Pastures), Capri 15 (IT91: Puglia)) = [min 52110, max 152598]; 0 allocated for price {0, 0}"
" ClaimRange(type 4 (Pastures), Capri 18 (ITA0: Sicilia)) = [min 38170, max 217524]; 0 allocated for price {0, 0}"
" ClaimRange(type 4 (Pastures), Capri 19 (ITB0: Sardegna)) = [min 222099, max 472787]; 0 allocated for price {0, 0}"
" ClaimRange(type 12 (NewEnergyCrops), Capri 0 (IT11: Piemonte)) = [min 17810, max 27254]; 0 allocated for price {0, 0}"
" ClaimRange(type 12 (NewEnergyCrops), Capri 1 (IT12: Valle d'Aosta)) = [min 1360, max 2081]; 0 allocated for price {0, 0}"
" ClaimRange(type 12 (NewEnergyCrops), Capri 2 (IT13: Liguria)) = [min 858, max 1313]; 0 allocated for price {0, 0}"
" ClaimRange(type 12 (NewEnergyCrops), Capri 3 (IT20: Lombardia)) = [min 18832, max 28819]; 0 allocated for price {0, 0}"
" ClaimRange(type 12 (NewEnergyCrops), Capri 4 (IT31: Trentino-Alto Adige)) = [min 5365, max 8211]; 0 allocated for price {0, 0}"
" ClaimRange(type 12 (NewEnergyCrops), Capri 5 (IT32: Veneto)) = [min 14402, max 22041]; 0 allocated for price {0, 0}"
" ClaimRange(type 12 (NewEnergyCrops), Capri 6 (IT33: Friuli-Venezia Giulia)) = [min 5954, max 9112]; 0 allocated for price {0, 0}"
" ClaimRange(type 12 (NewEnergyCrops), Capri 7 (IT40: Emilia-Romagna)) = [min 22109, max 33835]; 0 allocated for price {0, 0}"
" ClaimRange(type 12 (NewEnergyCrops), Capri 8 (IT51: Toscana)) = [min 13408, max 20520]; 0 allocated for price {0, 0}"
" ClaimRange(type 12 (NewEnergyCrops), Capri 9 (IT52: Umbria)) = [min 6055, max 9267]; 0 allocated for price {0, 0}"
" ClaimRange(type 12 (NewEnergyCrops), Capri 10 (IT53: Marche)) = [min 9650, max 14769]; 0 allocated for price {0, 0}"
" ClaimRange(type 12 (NewEnergyCrops), Capri 11 (IT60: Lazio)) = [min 13669, max 20920]; 0 allocated for price {0, 0}"
" ClaimRange(type 12 (NewEnergyCrops), Capri 12 (IT71: Abruzzo)) = [min 9468, max 14489]; 0 allocated for price {0, 0}"
" ClaimRange(type 12 (NewEnergyCrops), Capri 13 (IT72: Molise)) = [min 4329, max 6625]; 0 allocated for price {0, 0}"
" ClaimRange(type 12 (NewEnergyCrops), Capri 14 (IT80: Campania)) = [min 12043, max 18430]; 0 allocated for price {0, 0}"
" ClaimRange(type 12 (NewEnergyCrops), Capri 15 (IT91: Puglia)) = [min 24448, max 37412]; 0 allocated for price {0, 0}"
" ClaimRange(type 12 (NewEnergyCrops), Capri 16 (IT92: Basilicata)) = [min 7809, max 11950]; 0 allocated for price {0, 0}"
" ClaimRange(type 12 (NewEnergyCrops), Capri 17 (IT93: Calabria)) = [min 8891, max 13606]; 0 allocated for price {0, 0}"
" ClaimRange(type 12 (NewEnergyCrops), Capri 18 (ITA0: Sicilia)) = [min 26311, max 40264]; 0 allocated for price {0, 0}"
" ClaimRange(type 12 (NewEnergyCrops), Capri 19 (ITB0: Sardegna)) = [min 17315, max 26497]; 0 allocated for price {0, 0}"
" "