ZoneID;Arable_Min;Arable_Max;Arable_slack;Arable_alloc;Arable_Price;Pastures_Min;Pastures_Max;Pastures_slack;Pastures_alloc;Pastures_Price;PermanentCrops_Min;PermanentCrops_Max;PermanentCrops_slack;PermanentCrops_alloc;PermanentCrops_Price;NewEnergyCrops_Min;NewEnergyCrops_Max;NewEnergyCrops_slack;NewEnergyCrops_alloc;NewEnergyCrops_Price;
IT11;482294;492038;0.0100007;0;;37177;238054;0.729849;0;;56192;125984;0.383102;0;;14068;21529;0.209596;0;
IT12;4303;4389;0.00989416;0;;3737;32192;0.791979;0;;13;1039;0.975285;0;;1081;1654;0.209506;0;
IT13;15293;15601;0.00996957;0;;0;10072;1;0;;16099;21703;0.148246;0;;677;1036;0.209574;0;
IT20;664602;678028;0.00999978;0;;42478;172099;0.604077;0;;18582;44533;0.41117;0;;14619;22371;0.20957;0;
IT31;38674;39455;0.00999629;0;;42396;142806;0.542165;0;;45953;58292;0.118365;0;;4248;6500;0.209527;0;
IT32;609790;622109;0.01;0;;90644;164550;0.289607;0;;81801;142213;0.26968;0;;11357;17380;0.20959;0;
IT33;149336;152353;0.0100004;0;;38923;135616;0.553991;0;;17659;31189;0.276982;0;;4682;7165;0.209589;0;
IT40;1016822;1037364;0.0100001;0;;0;79522;1;0;;6316;90727;0.869831;0;;17391;26613;0.209572;0;
IT51;580438;592164;0.00999998;0;;49559;114882;0.397243;0;;141836;209156;0.191799;0;;10531;16116;0.209592;0;
IT52;283684;289415;0.01;0;;8026;32896;0.607742;0;;34170;52688;0.213199;0;;4799;7345;0.209651;0;
IT53;438431;447288;0.00999979;0;;1398;53919;0.949455;0;;864;19838;0.91653;0;;7641;11693;0.209579;0;
IT60;499688;509782;0.00999931;0;;8072;119415;0.873367;0;;142252;211752;0.196325;0;;10792;16516;0.209609;0;
IT71;242349;247245;0.0100001;0;;18560;136696;0.760911;0;;61202;96138;0.222041;0;;7432;11374;0.209614;0;
IT72;184524;188252;0.0100006;0;;0;33887;1;0;;23001;47096;0.343738;0;;3485;5334;0.209661;0;
IT80;485165;494967;0.0100007;0;;8777;72102;0.78296;0;;108188;203383;0.305532;0;;9416;14411;0.209636;0;
IT91;1208407;1232819;0.00999989;0;;46269;143660;0.512776;0;;470774;684203;0.184791;0;;19223;29418;0.209597;0;
IT92;421661;430179;0.00999953;0;;0;10437;1;0;;22501;50550;0.383965;0;;6236;9542;0.209532;0;
IT93;497031;507072;0.00999997;0;;0;23578;1;0;;235746;320664;0.152618;0;;7128;10910;0.209668;0;
ITA0;1154396;1177717;0.00999994;0;;32769;209260;0.729214;0;;373678;555609;0.195775;0;;21041;32199;0.209579;0;
ITB0;402881;411020;0.00999999;0;;211363;456356;0.36691;0;;35823;62282;0.269701;0;;13654;20894;0.209564;0;

"ClaimRange(type 0 (Urban), NUTS2_merged_LUISA 0 (ITC1)) = [min 93188, max 110693]; 0 allocated for price {0, 0}"
" ClaimRange(type 0 (Urban), NUTS2_merged_LUISA 1 (ITC2)) = [min 3639, max 4941]; 0 allocated for price {0, 0}"
" ClaimRange(type 0 (Urban), NUTS2_merged_LUISA 2 (ITC3)) = [min 21749, max 24804]; 0 allocated for price {0, 0}"
" ClaimRange(type 0 (Urban), NUTS2_merged_LUISA 3 (ITC4)) = [min 205025, max 270393]; 0 allocated for price {0, 0}"
" ClaimRange(type 0 (Urban), NUTS2_merged_LUISA 4 (ITD1)) = [min 9432, max 13419]; 0 allocated for price {0, 0}"
" ClaimRange(type 0 (Urban), NUTS2_merged_LUISA 5 (ITD2)) = [min 14866, max 18660]; 0 allocated for price {0, 0}"
" ClaimRange(type 0 (Urban), NUTS2_merged_LUISA 6 (ITD3)) = [min 118234, max 164141]; 0 allocated for price {0, 0}"
" ClaimRange(type 0 (Urban), NUTS2_merged_LUISA 7 (ITD4)) = [min 46342, max 55585]; 0 allocated for price {0, 0}"
" ClaimRange(type 0 (Urban), NUTS2_merged_LUISA 8 (ITD5)) = [min 74628, max 111597]; 0 allocated for price {0, 0}"
" ClaimRange(type 0 (Urban), NUTS2_merged_LUISA 9 (ITE1)) = [min 68822, max 87467]; 0 allocated for price {0, 0}"
" ClaimRange(type 0 (Urban), NUTS2_merged_LUISA 10 (ITE2)) = [min 21542, max 27381]; 0 allocated for price {0, 0}"
" ClaimRange(type 0 (Urban), NUTS2_merged_LUISA 11 (ITE3)) = [min 30578, max 38666]; 0 allocated for price {0, 0}"
" ClaimRange(type 0 (Urban), NUTS2_merged_LUISA 12 (ITE4)) = [min 78531, max 114303]; 0 allocated for price {0, 0}"
" ClaimRange(type 0 (Urban), NUTS2_merged_LUISA 13 (ITF1)) = [min 22828, max 28861]; 0 allocated for price {0, 0}"
" ClaimRange(type 0 (Urban), NUTS2_merged_LUISA 14 (ITF2)) = [min 6057, max 6465]; 0 allocated for price {0, 0}"
" ClaimRange(type 0 (Urban), NUTS2_merged_LUISA 15 (ITF3)) = [min 81970, max 97749]; 0 allocated for price {0, 0}"
" ClaimRange(type 0 (Urban), NUTS2_merged_LUISA 16 (ITF4)) = [min 71782, max 77680]; 0 allocated for price {0, 0}"
" ClaimRange(type 0 (Urban), NUTS2_merged_LUISA 17 (ITF5)) = [min 10189, max 10569]; 0 allocated for price {0, 0}"
" ClaimRange(type 0 (Urban), NUTS2_merged_LUISA 18 (ITF6)) = [min 44412, max 47595]; 0 allocated for price {0, 0}"
" ClaimRange(type 0 (Urban), NUTS2_merged_LUISA 19 (ITG1)) = [min 104490, max 113905]; 0 allocated for price {0, 0}"
" ClaimRange(type 0 (Urban), NUTS2_merged_LUISA 20 (ITG2)) = [min 48227, max 49162]; 0 allocated for price {0, 0}"
" ClaimRange(type 1 (Industrial), NUTS2_LUISA 0 (ITE1)) = [min 25886, max 26465]; 0 allocated for price {0, 0}"
" ClaimRange(type 1 (Industrial), NUTS2_LUISA 1 (ITF2)) = [min 1790, max 1835]; 0 allocated for price {0, 0}"
" ClaimRange(type 1 (Industrial), NUTS2_LUISA 2 (ITG2)) = [min 13173, max 13497]; 0 allocated for price {0, 0}"
" ClaimRange(type 1 (Industrial), NUTS2_LUISA 3 (ITC2)) = [min 974, max 995]; 0 allocated for price {0, 0}"
" ClaimRange(type 1 (Industrial), NUTS2_LUISA 4 (ITC1)) = [min 30490, max 31147]; 0 allocated for price {0, 0}"
" ClaimRange(type 1 (Industrial), NUTS2_LUISA 5 (ITF3)) = [min 13880, max 14184]; 0 allocated for price {0, 0}"
" ClaimRange(type 1 (Industrial), NUTS2_LUISA 6 (ITD3)) = [min 40711, max 41591]; 0 allocated for price {0, 0}"
" ClaimRange(type 1 (Industrial), NUTS2_LUISA 7 (ITG1)) = [min 14972, max 15316]; 0 allocated for price {0, 0}"
" ClaimRange(type 1 (Industrial), NUTS2_LUISA 8 (ITC4)) = [min 57264, max 58466]; 0 allocated for price {0, 0}"
" ClaimRange(type 1 (Industrial), NUTS2_LUISA 9 (ITE4)) = [min 19589, max 19988]; 0 allocated for price {0, 0}"
" ClaimRange(type 1 (Industrial), NUTS2_LUISA 10 (ITE3)) = [min 13862, max 14188]; 0 allocated for price {0, 0}"
" ClaimRange(type 1 (Industrial), NUTS2_LUISA 11 (ITF4)) = [min 19920, max 20364]; 0 allocated for price {0, 0}"
" ClaimRange(type 1 (Industrial), NUTS2_LUISA 12 (ITD5)) = [min 36196, max 36927]; 0 allocated for price {0, 0}"
" ClaimRange(type 1 (Industrial), NUTS2_LUISA 13 (ITD1)) = [min 1835, max 1873]; 0 allocated for price {0, 0}"
" ClaimRange(type 1 (Industrial), NUTS2_LUISA 14 (ITF5)) = [min 4115, max 4225]; 0 allocated for price {0, 0}"
" ClaimRange(type 1 (Industrial), NUTS2_LUISA 15 (ITF6)) = [min 7238, max 7415]; 0 allocated for price {0, 0}"
" ClaimRange(type 1 (Industrial), NUTS2_LUISA 16 (ITF1)) = [min 8355, max 8543]; 0 allocated for price {0, 0}"
" ClaimRange(type 1 (Industrial), NUTS2_LUISA 17 (ITD4)) = [min 10842, max 11090]; 0 allocated for price {0, 0}"
" ClaimRange(type 1 (Industrial), NUTS2_LUISA 18 (ITE2)) = [min 6653, max 6795]; 0 allocated for price {0, 0}"
" ClaimRange(type 1 (Industrial), NUTS2_LUISA 19 (ITD2)) = [min 1920, max 1959]; 0 allocated for price {0, 0}"
" ClaimRange(type 1 (Industrial), NUTS2_LUISA 20 (ITC3)) = [min 3302, max 3376]; 0 allocated for price {0, 0}"
" ClaimRange(type 2 (Arable), Capri 0 (IT11: Piemonte)) = [min 482294, max 492038]; 0 allocated for price {0, 0}"
" ClaimRange(type 2 (Arable), Capri 1 (IT12: Valle d'Aosta)) = [min 4303, max 4389]; 0 allocated for price {0, 0}"
" ClaimRange(type 2 (Arable), Capri 2 (IT13: Liguria)) = [min 15293, max 15601]; 0 allocated for price {0, 0}"
" ClaimRange(type 2 (Arable), Capri 3 (IT20: Lombardia)) = [min 664602, max 678028]; 0 allocated for price {0, 0}"
" ClaimRange(type 2 (Arable), Capri 4 (IT31: Trentino-Alto Adige)) = [min 38674, max 39455]; 0 allocated for price {0, 0}"
" ClaimRange(type 2 (Arable), Capri 5 (IT32: Veneto)) = [min 609790, max 622109]; 0 allocated for price {0, 0}"
" ClaimRange(type 2 (Arable), Capri 6 (IT33: Friuli-Venezia Giulia)) = [min 149336, max 152353]; 0 allocated for price {0, 0}"
" ClaimRange(type 2 (Arable), Capri 7 (IT40: Emilia-Romagna)) = [min 1016822, max 1037364]; 0 allocated for price {0, 0}"
" ClaimRange(type 2 (Arable), Capri 8 (IT51: Toscana)) = [min 580438, max 592164]; 0 allocated for price {0, 0}"
" ClaimRange(type 2 (Arable), Capri 9 (IT52: Umbria)) = [min 283684, max 289415]; 0 allocated for price {0, 0}"
" ClaimRange(type 2 (Arable), Capri 10 (IT53: Marche)) = [min 438431, max 447288]; 0 allocated for price {0, 0}"
" ClaimRange(type 2 (Arable), Capri 11 (IT60: Lazio)) = [min 499688, max 509782]; 0 allocated for price {0, 0}"
" ClaimRange(type 2 (Arable), Capri 12 (IT71: Abruzzo)) = [min 242349, max 247245]; 0 allocated for price {0, 0}"
" ClaimRange(type 2 (Arable), Capri 13 (IT72: Molise)) = [min 184524, max 188252]; 0 allocated for price {0, 0}"
" ClaimRange(type 2 (Arable), Capri 14 (IT80: Campania)) = [min 485165, max 494967]; 0 allocated for price {0, 0}"
" ClaimRange(type 2 (Arable), Capri 15 (IT91: Puglia)) = [min 1208407, max 1232819]; 0 allocated for price {0, 0}"
" ClaimRange(type 2 (Arable), Capri 16 (IT92: Basilicata)) = [min 421661, max 430179]; 0 allocated for price {0, 0}"
" ClaimRange(type 2 (Arable), Capri 17 (IT93: Calabria)) = [min 497031, max 507072]; 0 allocated for price {0, 0}"
" ClaimRange(type 2 (Arable), Capri 18 (ITA0: Sicilia)) = [min 1154396, max 1177717]; 0 allocated for price {0, 0}"
" ClaimRange(type 2 (Arable), Capri 19 (ITB0: Sardegna)) = [min 402881, max 411020]; 0 allocated for price {0, 0}"
" ClaimRange(type 3 (PermanentCrops), Capri 0 (IT11: Piemonte)) = [min 56192, max 125984]; 0 allocated for price {0, 0}"
" ClaimRange(type 3 (PermanentCrops), Capri 1 (IT12: Valle d'Aosta)) = [min 13, max 1039]; 0 allocated for price {0, 0}"
" ClaimRange(type 3 (PermanentCrops), Capri 2 (IT13: Liguria)) = [min 16099, max 21703]; 0 allocated for price {0, 0}"
" ClaimRange(type 3 (PermanentCrops), Capri 3 (IT20: Lombardia)) = [min 18582, max 44533]; 0 allocated for price {0, 0}"
" ClaimRange(type 3 (PermanentCrops), Capri 4 (IT31: Trentino-Alto Adige)) = [min 45953, max 58292]; 0 allocated for price {0, 0}"
" ClaimRange(type 3 (PermanentCrops), Capri 5 (IT32: Veneto)) = [min 81801, max 142213]; 0 allocated for price {0, 0}"
" ClaimRange(type 3 (PermanentCrops), Capri 6 (IT33: Friuli-Venezia Giulia)) = [min 17659, max 31189]; 0 allocated for price {0, 0}"
" ClaimRange(type 3 (PermanentCrops), Capri 7 (IT40: Emilia-Romagna)) = [min 6316, max 90727]; 0 allocated for price {0, 0}"
" ClaimRange(type 3 (PermanentCrops), Capri 8 (IT51: Toscana)) = [min 141836, max 209156]; 0 allocated for price {0, 0}"
" ClaimRange(type 3 (PermanentCrops), Capri 9 (IT52: Umbria)) = [min 34170, max 52688]; 0 allocated for price {0, 0}"
" ClaimRange(type 3 (PermanentCrops), Capri 10 (IT53: Marche)) = [min 864, max 19838]; 0 allocated for price {0, 0}"
" ClaimRange(type 3 (PermanentCrops), Capri 11 (IT60: Lazio)) = [min 142252, max 211752]; 0 allocated for price {0, 0}"
" ClaimRange(type 3 (PermanentCrops), Capri 12 (IT71: Abruzzo)) = [min 61202, max 96138]; 0 allocated for price {0, 0}"
" ClaimRange(type 3 (PermanentCrops), Capri 13 (IT72: Molise)) = [min 23001, max 47096]; 0 allocated for price {0, 0}"
" ClaimRange(type 3 (PermanentCrops), Capri 14 (IT80: Campania)) = [min 108188, max 203383]; 0 allocated for price {0, 0}"
" ClaimRange(type 3 (PermanentCrops), Capri 15 (IT91: Puglia)) = [min 470774, max 684203]; 0 allocated for price {0, 0}"
" ClaimRange(type 3 (PermanentCrops), Capri 16 (IT92: Basilicata)) = [min 22501, max 50550]; 0 allocated for price {0, 0}"
" ClaimRange(type 3 (PermanentCrops), Capri 17 (IT93: Calabria)) = [min 235746, max 320664]; 0 allocated for price {0, 0}"
" ClaimRange(type 3 (PermanentCrops), Capri 18 (ITA0: Sicilia)) = [min 373678, max 555609]; 0 allocated for price {0, 0}"
" ClaimRange(type 3 (PermanentCrops), Capri 19 (ITB0: Sardegna)) = [min 35823, max 62282]; 0 allocated for price {0, 0}"
" ClaimRange(type 4 (Pastures), Capri 0 (IT11: Piemonte)) = [min 37177, max 238054]; 0 allocated for price {0, 0}"
" ClaimRange(type 4 (Pastures), Capri 1 (IT12: Valle d'Aosta)) = [min 3737, max 32192]; 0 allocated for price {0, 0}"
" ClaimRange(type 4 (Pastures), Capri 3 (IT20: Lombardia)) = [min 42478, max 172099]; 0 allocated for price {0, 0}"
" ClaimRange(type 4 (Pastures), Capri 4 (IT31: Trentino-Alto Adige)) = [min 42396, max 142806]; 0 allocated for price {0, 0}"
" ClaimRange(type 4 (Pastures), Capri 5 (IT32: Veneto)) = [min 90644, max 164550]; 0 allocated for price {0, 0}"
" ClaimRange(type 4 (Pastures), Capri 6 (IT33: Friuli-Venezia Giulia)) = [min 38923, max 135616]; 0 allocated for price {0, 0}"
" ClaimRange(type 4 (Pastures), Capri 8 (IT51: Toscana)) = [min 49559, max 114882]; 0 allocated for price {0, 0}"
" ClaimRange(type 4 (Pastures), Capri 9 (IT52: Umbria)) = [min 8026, max 32896]; 0 allocated for price {0, 0}"
" ClaimRange(type 4 (Pastures), Capri 10 (IT53: Marche)) = [min 1398, max 53919]; 0 allocated for price {0, 0}"
" ClaimRange(type 4 (Pastures), Capri 11 (IT60: Lazio)) = [min 8072, max 119415]; 0 allocated for price {0, 0}"
" ClaimRange(type 4 (Pastures), Capri 12 (IT71: Abruzzo)) = [min 18560, max 136696]; 0 allocated for price {0, 0}"
" ClaimRange(type 4 (Pastures), Capri 14 (IT80: Campania)) = [min 8777, max 72102]; 0 allocated for price {0, 0}"
" ClaimRange(type 4 (Pastures), Capri 15 (IT91: Puglia)) = [min 46269, max 143660]; 0 allocated for price {0, 0}"
" ClaimRange(type 4 (Pastures), Capri 18 (ITA0: Sicilia)) = [min 32769, max 209260]; 0 allocated for price {0, 0}"
" ClaimRange(type 4 (Pastures), Capri 19 (ITB0: Sardegna)) = [min 211363, max 456356]; 0 allocated for price {0, 0}"
" ClaimRange(type 12 (NewEnergyCrops), Capri 0 (IT11: Piemonte)) = [min 14068, max 21529]; 0 allocated for price {0, 0}"
" ClaimRange(type 12 (NewEnergyCrops), Capri 1 (IT12: Valle d'Aosta)) = [min 1081, max 1654]; 0 allocated for price {0, 0}"
" ClaimRange(type 12 (NewEnergyCrops), Capri 2 (IT13: Liguria)) = [min 677, max 1036]; 0 allocated for price {0, 0}"
" ClaimRange(type 12 (NewEnergyCrops), Capri 3 (IT20: Lombardia)) = [min 14619, max 22371]; 0 allocated for price {0, 0}"
" ClaimRange(type 12 (NewEnergyCrops), Capri 4 (IT31: Trentino-Alto Adige)) = [min 4248, max 6500]; 0 allocated for price {0, 0}"
" ClaimRange(type 12 (NewEnergyCrops), Capri 5 (IT32: Veneto)) = [min 11357, max 17380]; 0 allocated for price {0, 0}"
" ClaimRange(type 12 (NewEnergyCrops), Capri 6 (IT33: Friuli-Venezia Giulia)) = [min 4682, max 7165]; 0 allocated for price {0, 0}"
" ClaimRange(type 12 (NewEnergyCrops), Capri 7 (IT40: Emilia-Romagna)) = [min 17391, max 26613]; 0 allocated for price {0, 0}"
" ClaimRange(type 12 (NewEnergyCrops), Capri 8 (IT51: Toscana)) = [min 10531, max 16116]; 0 allocated for price {0, 0}"
" ClaimRange(type 12 (NewEnergyCrops), Capri 9 (IT52: Umbria)) = [min 4799, max 7345]; 0 allocated for price {0, 0}"
" ClaimRange(type 12 (NewEnergyCrops), Capri 10 (IT53: Marche)) = [min 7641, max 11693]; 0 allocated for price {0, 0}"
" ClaimRange(type 12 (NewEnergyCrops), Capri 11 (IT60: Lazio)) = [min 10792, max 16516]; 0 allocated for price {0, 0}"
" ClaimRange(type 12 (NewEnergyCrops), Capri 12 (IT71: Abruzzo)) = [min 7432, max 11374]; 0 allocated for price {0, 0}"
" ClaimRange(type 12 (NewEnergyCrops), Capri 13 (IT72: Molise)) = [min 3485, max 5334]; 0 allocated for price {0, 0}"
" ClaimRange(type 12 (NewEnergyCrops), Capri 14 (IT80: Campania)) = [min 9416, max 14411]; 0 allocated for price {0, 0}"
" ClaimRange(type 12 (NewEnergyCrops), Capri 15 (IT91: Puglia)) = [min 19223, max 29418]; 0 allocated for price {0, 0}"
" ClaimRange(type 12 (NewEnergyCrops), Capri 16 (IT92: Basilicata)) = [min 6236, max 9542]; 0 allocated for price {0, 0}"
" ClaimRange(type 12 (NewEnergyCrops), Capri 17 (IT93: Calabria)) = [min 7128, max 10910]; 0 allocated for price {0, 0}"
" ClaimRange(type 12 (NewEnergyCrops), Capri 18 (ITA0: Sicilia)) = [min 21041, max 32199]; 0 allocated for price {0, 0}"
" ClaimRange(type 12 (NewEnergyCrops), Capri 19 (ITB0: Sardegna)) = [min 13654, max 20894]; 0 allocated for price {0, 0}"
" "