ZoneID;Arable_Min;Arable_Max;Arable_slack;Arable_alloc;Arable_Price;Pastures_Min;Pastures_Max;Pastures_slack;Pastures_alloc;Pastures_Price;PermanentCrops_Min;PermanentCrops_Max;PermanentCrops_slack;PermanentCrops_alloc;PermanentCrops_Price;NewEnergyCrops_Min;NewEnergyCrops_Max;NewEnergyCrops_slack;NewEnergyCrops_alloc;NewEnergyCrops_Price;
IT11;513862;524244;0.0100009;0;;42653;246434;0.704912;0;;45876;110197;0.412121;0;;7587;11611;0.209605;0;
IT12;4169;4253;0.00997388;0;;6505;36428;0.69697;0;;396;1624;0.607921;0;;584;893;0.209208;0;
IT13;14831;15131;0.0100127;0;;1476;12414;0.787473;0;;15779;21214;0.14692;0;;359;549;0.209251;0;
IT20;708122;722427;0.00999966;0;;37579;164601;0.628262;0;;15814;40297;0.436332;0;;7594;11621;0.209576;0;
IT31;35249;35961;0.0099986;0;;52793;158717;0.500799;0;;45031;56880;0.116268;0;;2277;3484;0.209512;0;
IT32;704271;718499;0.0100002;0;;63626;123203;0.318885;0;;77573;135744;0.272697;0;;6082;9309;0.209668;0;
IT33;161909;165180;0.0100003;0;;18668;104619;0.697162;0;;16494;29407;0.281323;0;;2480;3796;0.209688;0;
IT40;1041427;1062466;0.01;0;;0;87117;1;0;;8284;93738;0.837604;0;;9201;14080;0.20957;0;
IT51;589525;601434;0.0099995;0;;54960;123148;0.382846;0;;146332;216036;0.192357;0;;5592;8558;0.209611;0;
IT52;293187;299109;0.00999838;0;;8102;33010;0.605857;0;;34165;52679;0.213187;0;;2575;3942;0.209759;0;
IT53;445659;454663;0.0100009;0;;4335;58412;0.861826;0;;1664;21062;0.85356;0;;4117;6300;0.209561;0;
IT60;511581;521915;0.00999907;0;;11978;125391;0.825608;0;;144752;215578;0.196559;0;;5765;8824;0.209679;0;
IT71;252083;257176;0.0100008;0;;18537;136661;0.761118;0;;63657;99897;0.221578;0;;3932;6018;0.209648;0;
IT72;183037;186735;0.0100008;0;;2242;40060;0.894;0;;19055;41057;0.366017;0;;1942;2972;0.209605;0;
IT80;497514;507565;0.0100002;0;;10592;74879;0.75215;0;;110818;207408;0.303526;0;;4905;7506;0.209572;0;
IT91;1226626;1251406;0.00999987;0;;38038;131063;0.550115;0;;501472;731180;0.186353;0;;10132;15505;0.20958;0;
IT92;415055;423439;0.00999888;0;;0;18730;1;0;;29190;60785;0.351153;0;;3333;5100;0.209534;0;
IT93;488891;498768;0.0100004;0;;2202;38428;0.891607;0;;242491;330987;0.154315;0;;3936;6023;0.209559;0;
ITA0;1190785;1214841;0.00999989;0;;23392;194910;0.785691;0;;413368;616347;0.197122;0;;11321;17326;0.209621;0;
ITB0;396441;404449;0.00999888;0;;208168;451467;0.368839;0;;41992;71724;0.261458;0;;7216;11043;0.209595;0;

"ClaimRange(type 0 (Urban), NUTS2_merged_LUISA 0 (ITC1)) = [min 93188, max 103444]; 0 allocated for price {0, 0}"
" ClaimRange(type 0 (Urban), NUTS2_merged_LUISA 1 (ITC2)) = [min 3639, max 4383]; 0 allocated for price {0, 0}"
" ClaimRange(type 0 (Urban), NUTS2_merged_LUISA 2 (ITC3)) = [min 21749, max 23292]; 0 allocated for price {0, 0}"
" ClaimRange(type 0 (Urban), NUTS2_merged_LUISA 3 (ITC4)) = [min 205025, max 241105]; 0 allocated for price {0, 0}"
" ClaimRange(type 0 (Urban), NUTS2_merged_LUISA 4 (ITD1)) = [min 9432, max 11798]; 0 allocated for price {0, 0}"
" ClaimRange(type 0 (Urban), NUTS2_merged_LUISA 5 (ITD2)) = [min 14866, max 16985]; 0 allocated for price {0, 0}"
" ClaimRange(type 0 (Urban), NUTS2_merged_LUISA 6 (ITD3)) = [min 118234, max 144685]; 0 allocated for price {0, 0}"
" ClaimRange(type 0 (Urban), NUTS2_merged_LUISA 7 (ITD4)) = [min 46342, max 51712]; 0 allocated for price {0, 0}"
" ClaimRange(type 0 (Urban), NUTS2_merged_LUISA 8 (ITD5)) = [min 74628, max 94494]; 0 allocated for price {0, 0}"
" ClaimRange(type 0 (Urban), NUTS2_merged_LUISA 9 (ITE1)) = [min 68822, max 78848]; 0 allocated for price {0, 0}"
" ClaimRange(type 0 (Urban), NUTS2_merged_LUISA 10 (ITE2)) = [min 21542, max 24839]; 0 allocated for price {0, 0}"
" ClaimRange(type 0 (Urban), NUTS2_merged_LUISA 11 (ITE3)) = [min 30578, max 35183]; 0 allocated for price {0, 0}"
" ClaimRange(type 0 (Urban), NUTS2_merged_LUISA 12 (ITE4)) = [min 78531, max 99125]; 0 allocated for price {0, 0}"
" ClaimRange(type 0 (Urban), NUTS2_merged_LUISA 13 (ITF1)) = [min 22828, max 26432]; 0 allocated for price {0, 0}"
" ClaimRange(type 0 (Urban), NUTS2_merged_LUISA 14 (ITF2)) = [min 6057, max 6386]; 0 allocated for price {0, 0}"
" ClaimRange(type 0 (Urban), NUTS2_merged_LUISA 15 (ITF3)) = [min 81970, max 91745]; 0 allocated for price {0, 0}"
" ClaimRange(type 0 (Urban), NUTS2_merged_LUISA 16 (ITF4)) = [min 71782, max 75832]; 0 allocated for price {0, 0}"
" ClaimRange(type 0 (Urban), NUTS2_merged_LUISA 17 (ITF5)) = [min 10189, max 10589]; 0 allocated for price {0, 0}"
" ClaimRange(type 0 (Urban), NUTS2_merged_LUISA 18 (ITF6)) = [min 44412, max 46899]; 0 allocated for price {0, 0}"
" ClaimRange(type 0 (Urban), NUTS2_merged_LUISA 19 (ITG1)) = [min 104490, max 110440]; 0 allocated for price {0, 0}"
" ClaimRange(type 0 (Urban), NUTS2_merged_LUISA 20 (ITG2)) = [min 48459, max 49416]; 0 allocated for price {0, 0}"
" ClaimRange(type 1 (Industrial), NUTS2_LUISA 0 (ITE1)) = [min 24171, max 24665]; 0 allocated for price {0, 0}"
" ClaimRange(type 1 (Industrial), NUTS2_LUISA 1 (ITF2)) = [min 1704, max 1742]; 0 allocated for price {0, 0}"
" ClaimRange(type 1 (Industrial), NUTS2_LUISA 2 (ITG2)) = [min 12653, max 12926]; 0 allocated for price {0, 0}"
" ClaimRange(type 1 (Industrial), NUTS2_LUISA 3 (ITC2)) = [min 913, max 933]; 0 allocated for price {0, 0}"
" ClaimRange(type 1 (Industrial), NUTS2_LUISA 4 (ITC1)) = [min 29126, max 29719]; 0 allocated for price {0, 0}"
" ClaimRange(type 1 (Industrial), NUTS2_LUISA 5 (ITF3)) = [min 13182, max 13456]; 0 allocated for price {0, 0}"
" ClaimRange(type 1 (Industrial), NUTS2_LUISA 6 (ITD3)) = [min 38102, max 38871]; 0 allocated for price {0, 0}"
" ClaimRange(type 1 (Industrial), NUTS2_LUISA 7 (ITG1)) = [min 14115, max 14414]; 0 allocated for price {0, 0}"
" ClaimRange(type 1 (Industrial), NUTS2_LUISA 8 (ITC4)) = [min 53661, max 54746]; 0 allocated for price {0, 0}"
" ClaimRange(type 1 (Industrial), NUTS2_LUISA 9 (ITE4)) = [min 18095, max 18460]; 0 allocated for price {0, 0}"
" ClaimRange(type 1 (Industrial), NUTS2_LUISA 10 (ITE3)) = [min 12911, max 13177]; 0 allocated for price {0, 0}"
" ClaimRange(type 1 (Industrial), NUTS2_LUISA 11 (ITF4)) = [min 19203, max 19605]; 0 allocated for price {0, 0}"
" ClaimRange(type 1 (Industrial), NUTS2_LUISA 12 (ITD5)) = [min 33895, max 34580]; 0 allocated for price {0, 0}"
" ClaimRange(type 1 (Industrial), NUTS2_LUISA 13 (ITD1)) = [min 1675, max 1708]; 0 allocated for price {0, 0}"
" ClaimRange(type 1 (Industrial), NUTS2_LUISA 14 (ITF5)) = [min 3939, max 4027]; 0 allocated for price {0, 0}"
" ClaimRange(type 1 (Industrial), NUTS2_LUISA 15 (ITF6)) = [min 6854, max 7005]; 0 allocated for price {0, 0}"
" ClaimRange(type 1 (Industrial), NUTS2_LUISA 16 (ITF1)) = [min 7926, max 8090]; 0 allocated for price {0, 0}"
" ClaimRange(type 1 (Industrial), NUTS2_LUISA 17 (ITD4)) = [min 10261, max 10471]; 0 allocated for price {0, 0}"
" ClaimRange(type 1 (Industrial), NUTS2_LUISA 18 (ITE2)) = [min 6307, max 6434]; 0 allocated for price {0, 0}"
" ClaimRange(type 1 (Industrial), NUTS2_LUISA 19 (ITD2)) = [min 1771, max 1806]; 0 allocated for price {0, 0}"
" ClaimRange(type 1 (Industrial), NUTS2_LUISA 20 (ITC3)) = [min 3076, max 3141]; 0 allocated for price {0, 0}"
" ClaimRange(type 2 (Arable), Capri 0 (IT11: Piemonte)) = [min 513862, max 524244]; 0 allocated for price {0, 0}"
" ClaimRange(type 2 (Arable), Capri 1 (IT12: Valle d'Aosta)) = [min 4169, max 4253]; 0 allocated for price {0, 0}"
" ClaimRange(type 2 (Arable), Capri 2 (IT13: Liguria)) = [min 14831, max 15131]; 0 allocated for price {0, 0}"
" ClaimRange(type 2 (Arable), Capri 3 (IT20: Lombardia)) = [min 708122, max 722427]; 0 allocated for price {0, 0}"
" ClaimRange(type 2 (Arable), Capri 4 (IT31: Trentino-Alto Adige)) = [min 35249, max 35961]; 0 allocated for price {0, 0}"
" ClaimRange(type 2 (Arable), Capri 5 (IT32: Veneto)) = [min 704271, max 718499]; 0 allocated for price {0, 0}"
" ClaimRange(type 2 (Arable), Capri 6 (IT33: Friuli-Venezia Giulia)) = [min 161909, max 165180]; 0 allocated for price {0, 0}"
" ClaimRange(type 2 (Arable), Capri 7 (IT40: Emilia-Romagna)) = [min 1041427, max 1062466]; 0 allocated for price {0, 0}"
" ClaimRange(type 2 (Arable), Capri 8 (IT51: Toscana)) = [min 589525, max 601434]; 0 allocated for price {0, 0}"
" ClaimRange(type 2 (Arable), Capri 9 (IT52: Umbria)) = [min 293187, max 299109]; 0 allocated for price {0, 0}"
" ClaimRange(type 2 (Arable), Capri 10 (IT53: Marche)) = [min 445659, max 454663]; 0 allocated for price {0, 0}"
" ClaimRange(type 2 (Arable), Capri 11 (IT60: Lazio)) = [min 511581, max 521915]; 0 allocated for price {0, 0}"
" ClaimRange(type 2 (Arable), Capri 12 (IT71: Abruzzo)) = [min 252083, max 257176]; 0 allocated for price {0, 0}"
" ClaimRange(type 2 (Arable), Capri 13 (IT72: Molise)) = [min 183037, max 186735]; 0 allocated for price {0, 0}"
" ClaimRange(type 2 (Arable), Capri 14 (IT80: Campania)) = [min 497514, max 507565]; 0 allocated for price {0, 0}"
" ClaimRange(type 2 (Arable), Capri 15 (IT91: Puglia)) = [min 1226626, max 1251406]; 0 allocated for price {0, 0}"
" ClaimRange(type 2 (Arable), Capri 16 (IT92: Basilicata)) = [min 415055, max 423439]; 0 allocated for price {0, 0}"
" ClaimRange(type 2 (Arable), Capri 17 (IT93: Calabria)) = [min 488891, max 498768]; 0 allocated for price {0, 0}"
" ClaimRange(type 2 (Arable), Capri 18 (ITA0: Sicilia)) = [min 1190785, max 1214841]; 0 allocated for price {0, 0}"
" ClaimRange(type 2 (Arable), Capri 19 (ITB0: Sardegna)) = [min 396441, max 404449]; 0 allocated for price {0, 0}"
" ClaimRange(type 3 (PermanentCrops), Capri 0 (IT11: Piemonte)) = [min 45876, max 110197]; 0 allocated for price {0, 0}"
" ClaimRange(type 3 (PermanentCrops), Capri 1 (IT12: Valle d'Aosta)) = [min 396, max 1624]; 0 allocated for price {0, 0}"
" ClaimRange(type 3 (PermanentCrops), Capri 2 (IT13: Liguria)) = [min 15779, max 21214]; 0 allocated for price {0, 0}"
" ClaimRange(type 3 (PermanentCrops), Capri 3 (IT20: Lombardia)) = [min 15814, max 40297]; 0 allocated for price {0, 0}"
" ClaimRange(type 3 (PermanentCrops), Capri 4 (IT31: Trentino-Alto Adige)) = [min 45031, max 56880]; 0 allocated for price {0, 0}"
" ClaimRange(type 3 (PermanentCrops), Capri 5 (IT32: Veneto)) = [min 77573, max 135744]; 0 allocated for price {0, 0}"
" ClaimRange(type 3 (PermanentCrops), Capri 6 (IT33: Friuli-Venezia Giulia)) = [min 16494, max 29407]; 0 allocated for price {0, 0}"
" ClaimRange(type 3 (PermanentCrops), Capri 7 (IT40: Emilia-Romagna)) = [min 8284, max 93738]; 0 allocated for price {0, 0}"
" ClaimRange(type 3 (PermanentCrops), Capri 8 (IT51: Toscana)) = [min 146332, max 216036]; 0 allocated for price {0, 0}"
" ClaimRange(type 3 (PermanentCrops), Capri 9 (IT52: Umbria)) = [min 34165, max 52679]; 0 allocated for price {0, 0}"
" ClaimRange(type 3 (PermanentCrops), Capri 10 (IT53: Marche)) = [min 1664, max 21062]; 0 allocated for price {0, 0}"
" ClaimRange(type 3 (PermanentCrops), Capri 11 (IT60: Lazio)) = [min 144752, max 215578]; 0 allocated for price {0, 0}"
" ClaimRange(type 3 (PermanentCrops), Capri 12 (IT71: Abruzzo)) = [min 63657, max 99897]; 0 allocated for price {0, 0}"
" ClaimRange(type 3 (PermanentCrops), Capri 13 (IT72: Molise)) = [min 19055, max 41057]; 0 allocated for price {0, 0}"
" ClaimRange(type 3 (PermanentCrops), Capri 14 (IT80: Campania)) = [min 110818, max 207408]; 0 allocated for price {0, 0}"
" ClaimRange(type 3 (PermanentCrops), Capri 15 (IT91: Puglia)) = [min 501472, max 731180]; 0 allocated for price {0, 0}"
" ClaimRange(type 3 (PermanentCrops), Capri 16 (IT92: Basilicata)) = [min 29190, max 60785]; 0 allocated for price {0, 0}"
" ClaimRange(type 3 (PermanentCrops), Capri 17 (IT93: Calabria)) = [min 242491, max 330987]; 0 allocated for price {0, 0}"
" ClaimRange(type 3 (PermanentCrops), Capri 18 (ITA0: Sicilia)) = [min 413368, max 616347]; 0 allocated for price {0, 0}"
" ClaimRange(type 3 (PermanentCrops), Capri 19 (ITB0: Sardegna)) = [min 41992, max 71724]; 0 allocated for price {0, 0}"
" ClaimRange(type 4 (Pastures), Capri 0 (IT11: Piemonte)) = [min 42653, max 246434]; 0 allocated for price {0, 0}"
" ClaimRange(type 4 (Pastures), Capri 1 (IT12: Valle d'Aosta)) = [min 6505, max 36428]; 0 allocated for price {0, 0}"
" ClaimRange(type 4 (Pastures), Capri 2 (IT13: Liguria)) = [min 1476, max 12414]; 0 allocated for price {0, 0}"
" ClaimRange(type 4 (Pastures), Capri 3 (IT20: Lombardia)) = [min 37579, max 164601]; 0 allocated for price {0, 0}"
" ClaimRange(type 4 (Pastures), Capri 4 (IT31: Trentino-Alto Adige)) = [min 52793, max 158717]; 0 allocated for price {0, 0}"
" ClaimRange(type 4 (Pastures), Capri 5 (IT32: Veneto)) = [min 63626, max 123203]; 0 allocated for price {0, 0}"
" ClaimRange(type 4 (Pastures), Capri 6 (IT33: Friuli-Venezia Giulia)) = [min 18668, max 104619]; 0 allocated for price {0, 0}"
" ClaimRange(type 4 (Pastures), Capri 8 (IT51: Toscana)) = [min 54960, max 123148]; 0 allocated for price {0, 0}"
" ClaimRange(type 4 (Pastures), Capri 9 (IT52: Umbria)) = [min 8102, max 33010]; 0 allocated for price {0, 0}"
" ClaimRange(type 4 (Pastures), Capri 10 (IT53: Marche)) = [min 4335, max 58412]; 0 allocated for price {0, 0}"
" ClaimRange(type 4 (Pastures), Capri 11 (IT60: Lazio)) = [min 11978, max 125391]; 0 allocated for price {0, 0}"
" ClaimRange(type 4 (Pastures), Capri 12 (IT71: Abruzzo)) = [min 18537, max 136661]; 0 allocated for price {0, 0}"
" ClaimRange(type 4 (Pastures), Capri 13 (IT72: Molise)) = [min 2242, max 40060]; 0 allocated for price {0, 0}"
" ClaimRange(type 4 (Pastures), Capri 14 (IT80: Campania)) = [min 10592, max 74879]; 0 allocated for price {0, 0}"
" ClaimRange(type 4 (Pastures), Capri 15 (IT91: Puglia)) = [min 38038, max 131063]; 0 allocated for price {0, 0}"
" ClaimRange(type 4 (Pastures), Capri 17 (IT93: Calabria)) = [min 2202, max 38428]; 0 allocated for price {0, 0}"
" ClaimRange(type 4 (Pastures), Capri 18 (ITA0: Sicilia)) = [min 23392, max 194910]; 0 allocated for price {0, 0}"
" ClaimRange(type 4 (Pastures), Capri 19 (ITB0: Sardegna)) = [min 208168, max 451467]; 0 allocated for price {0, 0}"
" ClaimRange(type 12 (NewEnergyCrops), Capri 0 (IT11: Piemonte)) = [min 7587, max 11611]; 0 allocated for price {0, 0}"
" ClaimRange(type 12 (NewEnergyCrops), Capri 1 (IT12: Valle d'Aosta)) = [min 584, max 893]; 0 allocated for price {0, 0}"
" ClaimRange(type 12 (NewEnergyCrops), Capri 2 (IT13: Liguria)) = [min 359, max 549]; 0 allocated for price {0, 0}"
" ClaimRange(type 12 (NewEnergyCrops), Capri 3 (IT20: Lombardia)) = [min 7594, max 11621]; 0 allocated for price {0, 0}"
" ClaimRange(type 12 (NewEnergyCrops), Capri 4 (IT31: Trentino-Alto Adige)) = [min 2277, max 3484]; 0 allocated for price {0, 0}"
" ClaimRange(type 12 (NewEnergyCrops), Capri 5 (IT32: Veneto)) = [min 6082, max 9309]; 0 allocated for price {0, 0}"
" ClaimRange(type 12 (NewEnergyCrops), Capri 6 (IT33: Friuli-Venezia Giulia)) = [min 2480, max 3796]; 0 allocated for price {0, 0}"
" ClaimRange(type 12 (NewEnergyCrops), Capri 7 (IT40: Emilia-Romagna)) = [min 9201, max 14080]; 0 allocated for price {0, 0}"
" ClaimRange(type 12 (NewEnergyCrops), Capri 8 (IT51: Toscana)) = [min 5592, max 8558]; 0 allocated for price {0, 0}"
" ClaimRange(type 12 (NewEnergyCrops), Capri 9 (IT52: Umbria)) = [min 2575, max 3942]; 0 allocated for price {0, 0}"
" ClaimRange(type 12 (NewEnergyCrops), Capri 10 (IT53: Marche)) = [min 4117, max 6300]; 0 allocated for price {0, 0}"
" ClaimRange(type 12 (NewEnergyCrops), Capri 11 (IT60: Lazio)) = [min 5765, max 8824]; 0 allocated for price {0, 0}"
" ClaimRange(type 12 (NewEnergyCrops), Capri 12 (IT71: Abruzzo)) = [min 3932, max 6018]; 0 allocated for price {0, 0}"
" ClaimRange(type 12 (NewEnergyCrops), Capri 13 (IT72: Molise)) = [min 1942, max 2972]; 0 allocated for price {0, 0}"
" ClaimRange(type 12 (NewEnergyCrops), Capri 14 (IT80: Campania)) = [min 4905, max 7506]; 0 allocated for price {0, 0}"
" ClaimRange(type 12 (NewEnergyCrops), Capri 15 (IT91: Puglia)) = [min 10132, max 15505]; 0 allocated for price {0, 0}"
" ClaimRange(type 12 (NewEnergyCrops), Capri 16 (IT92: Basilicata)) = [min 3333, max 5100]; 0 allocated for price {0, 0}"
" ClaimRange(type 12 (NewEnergyCrops), Capri 17 (IT93: Calabria)) = [min 3936, max 6023]; 0 allocated for price {0, 0}"
" ClaimRange(type 12 (NewEnergyCrops), Capri 18 (ITA0: Sicilia)) = [min 11321, max 17326]; 0 allocated for price {0, 0}"
" ClaimRange(type 12 (NewEnergyCrops), Capri 19 (ITB0: Sardegna)) = [min 7216, max 11043]; 0 allocated for price {0, 0}"
" "