Region,Year,OtherArableMin,OtherArableMax,PermCropMin,PermCropMax,PastureMin,PastureMax,NewEnergyMin,NewEnergyMax
PL00,2010,9103516,13005024,460613,658019,2238527,3197896,0,0
PL00,2011,9108079,13011542,467272,667531,2231283,3187547,0,0
PL00,2012,9112642,13018061,473930,677044,2224039,3177198,0,0
PL00,2013,9117205,13024579,480589,686556,2216795,3166850,0,0
PL00,2014,9121768,13031098,487248,696069,2209551,3156501,0,0
PL00,2015,9126331,13037617,493907,705582,2202307,3146153,0,0
PL00,2016,9104419,13006314,498871,712674,2201298,3144712,230,329
PL00,2017,9082507,12975011,503836,719766,2200289,3143271,460,658
PL00,2018,9060595,12943708,508800,726858,2199281,3141830,690,987
PL00,2019,9038683,12912405,513764,733950,2198272,3140389,921,1316
PL00,2020,9016771,12881102,518729,741042,2197263,3138948,1151,1645
PL00,2021,8994256,12848937,521849,745499,2197195,3138850,1214,1735
PL00,2022,8971741,12816773,524969,749956,2197127,3138753,1278,1826
PL00,2023,8949226,12784608,528089,754413,2197059,3138656,1341,1916
PL00,2024,8926711,12752444,531209,758870,2196991,3138559,1405,2007
PL00,2025,8904196,12720280,534328,763327,2196923,3138462,1468,2098
PL00,2026,8882020,12688601,539974,771391,2196911,3138444,2937,4196
PL00,2027,8859845,12656922,545619,779456,2196899,3138427,4406,6295
PL00,2028,8837670,12625243,551264,787520,2196887,3138410,5876,8394
PL00,2029,8815495,12593564,556909,795585,2196875,3138393,7345,10493
PL00,2030,8793320,12561886,562555,803650,2196863,3138376,8814,12592
PL00,2031,8771562,12530803,565297,807567,2196930,3138471,9352,13360
PL00,2032,8749804,12499720,568039,811484,2196997,3138567,9890,14128
PL00,2033,8728046,12468637,570781,815402,2197063,3138662,10428,14897
PL00,2034,8706288,12437554,573523,819319,2197130,3138758,10965,15665
PL00,2035,8684530,12406472,576265,823237,2197197,3138854,11503,16434
PL00,2036,8663032,12375761,583498,833569,2197241,3138916,14480,20686
PL00,2037,8641535,12345050,590730,843901,2197285,3138979,17456,24938
PL00,2038,8620037,12314339,597963,854233,2197329,3139042,20433,29190
PL00,2039,8598539,12283628,605196,864565,2197373,3139105,23409,33442
PL00,2040,8577041,12252917,612428,874898,2197417,3139168,26385,37694
PL00,2041,8555689,12222413,632192,903131,2197466,3139238,42599,60855
PL00,2042,8534336,12191909,651955,931365,2197515,3139308,58812,84017
PL00,2043,8512984,12161406,671719,959598,2197565,3139378,75025,107179
PL00,2044,8491631,12130902,691482,987832,2197614,3139448,91238,130341
PL00,2045,8470279,12100399,711246,1016066,2197663,3139519,107452,153503
PL00,2046,8449072,12070103,725213,1036019,2197743,3139634,115048,164354
PL00,2047,8427865,12039807,739181,1055973,2197824,3139749,122644,175206
PL00,2048,8406658,12009512,753149,1075927,2197905,3139864,130240,186057
PL00,2049,8385451,11979216,767116,1095881,2197985,3139979,137836,196909
PL00,2050,8364244,11948921,781084,1115835,2198066,3140095,145432,207761
PL00,2051,8343219,11918884,794403,1134861,2198068,3140097,153520,219314
PL00,2052,8322194,11888848,807722,1153888,2198070,3140100,161607,230867
PL00,2053,8301168,11858812,821040,1172915,2198072,3140103,169694,242421
PL00,2054,8280143,11828776,834359,1191942,2198074,3140106,177782,253974
PL00,2055,8259117,11798740,847678,1210969,2198076,3140109,185869,265528
PL00,2056,8238249,11768928,855277,1221825,2198092,3140132,188187,268839
PL00,2057,8217381,11739116,862876,1232681,2198109,3140156,190506,272151
PL00,2058,8196512,11709304,870475,1243537,2198126,3140180,192824,275463
PL00,2059,8175644,11679492,878075,1254393,2198142,3140204,195142,278775
PL00,2060,8154775,11649680,885674,1265249,2198159,3140228,197460,282087
PL00,2061,8134192,11620274,892340,1274772,2198136,3140194,199508,285012
PL00,2062,8113608,11590869,899006,1284295,2198112,3140161,201555,287937
PL00,2063,8093025,11561464,905672,1293818,2198089,3140127,203603,290862
PL00,2064,8072441,11532059,912338,1303341,2198066,3140094,205650,293787
PL00,2065,8051857,11502654,919004,1312864,2198042,3140061,207698,296712
PL00,2066,8031395,11473422,921612,1316589,2198032,3140046,205808,294012
PL00,2067,8010933,11444190,924220,1320315,2198022,3140032,203918,291312
PL00,2068,7990471,11414959,926828,1324040,2198012,3140017,202028,288612
PL00,2069,7970009,11385727,929436,1327766,2198002,3140003,200138,285912
PL00,2070,7949547,11356496,932044,1331492,2197992,3139989,198249,283213
PL11,2010,656197,937425,43500,62144,124450,177786,0,0
PL11,2011,656805,938294,44499,63571,123215,176022,0,0
PL11,2012,657414,939163,45498,64998,121980,174258,0,0
PL11,2013,658022,940032,46497,66425,120746,172494,0,0
PL11,2014,658631,940901,47496,67852,119511,170730,0,0
PL11,2015,659239,941771,48495,69279,118276,168967,0,0
PL11,2016,657124,938749,49071,70101,118566,169380,15,22
PL11,2017,655010,935728,49646,70924,118855,169793,31,45
PL11,2018,652895,932707,50222,71746,119145,170207,47,67
PL11,2019,650780,929686,50798,72569,119434,170620,63,90
PL11,2020,648665,926665,51374,73392,119723,171034,79,113
PL11,2021,647640,925201,51857,74081,118777,169682,83,119
PL11,2022,646616,923737,52339,74771,117831,168330,87,125
PL11,2023,645591,922274,52822,75460,116885,166979,92,131
PL11,2024,644567,920810,53305,76150,115939,165627,96,137
PL11,2025,643542,919347,53788,76840,114993,164276,100,144
PL11,2026,640843,915491,54370,77671,115896,165567,201,287
PL11,2027,638145,911635,54952,78503,116800,166858,302,431
PL11,2028,635446,907780,55534,79335,117704,168149,402,575
PL11,2029,632747,903924,56117,80167,118607,169440,503,719
PL11,2030,630048,900069,56699,80999,119511,170731,604,863
PL11,2031,628174,897392,57139,81628,119661,170944,640,914
PL11,2032,626300,894715,57580,82257,119810,171158,676,966
PL11,2033,624426,892038,58021,82887,119960,171371,712,1017
PL11,2034,622552,889361,58461,83516,120109,171585,748,1069
PL11,2035,620678,886684,58902,84146,120259,171799,784,1121
PL11,2036,618383,883405,59576,85109,120790,172557,987,1410
PL11,2037,616088,880126,60250,86072,121321,173315,1189,1699
PL11,2038,613793,876847,60924,87035,121851,174074,1392,1989
PL11,2039,611498,873568,61599,87998,122382,174832,1595,2278
PL11,2040,609203,870290,62273,88962,122913,175591,1797,2568
PL11,2041,608128,868754,63806,91151,122282,174688,2912,4160
PL11,2042,607053,867219,65339,93341,121650,173786,4026,5752
PL11,2043,605979,865684,66871,95531,121018,172883,5140,7344
PL11,2044,604904,864149,68404,97721,120386,171981,6255,8936
PL11,2045,603829,862614,69937,99911,119755,171079,7369,10528
PL11,2046,602725,861036,70925,101322,119143,170205,7900,11286
PL11,2047,601621,859459,71913,102733,118531,169331,8431,12045
PL11,2048,600517,857882,72901,104145,117920,168457,8962,12803
PL11,2049,599413,856305,73889,105556,117308,167583,9493,13562
PL11,2050,598309,854728,74877,106968,116696,166710,10024,14321
PL11,2051,597129,853041,75819,108314,116209,166013,10578,15112
PL11,2052,595948,851355,76762,109660,115721,165316,11132,15903
PL11,2053,594768,849668,77704,111006,115233,164619,11685,16694
PL11,2054,593587,847982,78646,112352,114745,163922,12239,17485
PL11,2055,592407,846296,79589,113699,114257,163225,12793,18276
PL11,2056,591237,844624,80150,114501,113794,162563,12959,18513
PL11,2057,590067,842953,80712,115303,113330,161901,13125,18750
PL11,2058,588897,841281,81273,116105,112867,161239,13291,18988
PL11,2059,587727,839610,81834,116907,112403,160577,13457,19225
PL11,2060,586557,837939,82396,117709,111940,159915,13624,19463
PL11,2061,585387,836268,82906,118437,111461,159231,13761,19659
PL11,2062,584218,834597,83416,119166,110983,158547,13899,19856
PL11,2063,583048,832926,83926,119894,110504,157863,14036,20052
PL11,2064,581879,831255,84436,120623,110025,157179,14174,20249
PL11,2065,580709,829585,84946,121352,109547,156496,14312,20446
PL11,2066,579192,827418,85212,121732,109351,156215,14186,20266
PL11,2067,577676,825251,85478,122112,109154,155935,14060,20086
PL11,2068,576159,823085,85744,122492,108958,155655,13935,19907
PL11,2069,574643,820918,86010,122872,108762,155375,13809,19727
PL11,2070,573126,818752,86276,123252,108566,155095,13683,19548
PL12,2010,1149036,1641481,123103,175862,329143,470205,0,0
PL12,2011,1149750,1642500,125848,179783,328341,469059,0,0
PL12,2012,1150463,1643519,128593,183704,327539,467913,0,0
PL12,2013,1151177,1644538,131338,187626,326737,466768,0,0
PL12,2014,1151890,1645557,134083,191547,325935,465622,0,0
PL12,2015,1152603,1646577,136828,195469,325133,464477,0,0
PL12,2016,1151390,1644843,138726,198180,323932,462760,30,43
PL12,2017,1150177,1643110,140624,200891,322730,461043,60,86
PL12,2018,1148964,1641377,142522,203603,321528,459326,90,129
PL12,2019,1147750,1639644,144420,206314,320326,457609,120,172
PL12,2020,1146537,1637911,146318,209026,319125,455893,150,215
PL12,2021,1144771,1635387,147827,211182,318260,454658,158,227
PL12,2022,1143004,1632864,149337,213339,317396,453423,167,239
PL12,2023,1141238,1630340,150847,215496,316531,452188,175,251
PL12,2024,1139472,1627817,152357,217653,315667,450953,184,263
PL12,2025,1137705,1625294,153867,219810,314802,449718,192,275
PL12,2026,1135825,1622608,155740,222486,314093,448704,387,553
PL12,2027,1133945,1619922,157614,225163,313383,447691,581,831
PL12,2028,1132065,1617236,159488,227840,312674,446677,776,1109
PL12,2029,1130185,1614550,161362,230517,311965,445664,970,1387
PL12,2030,1128304,1611864,163235,233194,311255,444651,1165,1665
PL12,2031,1125600,1608000,164750,235357,311059,444370,1237,1768
PL12,2032,1122895,1604136,166264,237520,310863,444090,1309,1871
PL12,2033,1120190,1600272,167778,239684,310667,443810,1382,1974
PL12,2034,1117486,1596408,169293,241847,310471,443530,1454,2077
PL12,2035,1114781,1592545,170807,244011,310275,443250,1526,2181
PL12,2036,1111371,1587674,172687,246697,311483,444976,1922,2747
PL12,2037,1107962,1582803,174568,249383,312691,446702,2319,3313
PL12,2038,1104552,1577932,176448,252069,313900,448429,2715,3879
PL12,2039,1101143,1573061,178328,254755,315108,450155,3111,4445
PL12,2040,1097733,1568191,180208,257441,316317,451882,3507,5011
PL12,2041,1096753,1566791,183731,262473,314976,449967,5642,8061
PL12,2042,1095774,1565391,187254,267505,313636,448052,7778,11111
PL12,2043,1094794,1563992,190776,272538,312295,446137,9913,14162
PL12,2044,1093814,1562592,194299,277570,310955,444222,12048,17212
PL12,2045,1092835,1561193,197822,282603,309614,442307,14184,20263
PL12,2046,1093033,1561475,200533,286475,307252,438931,15142,21632
PL12,2047,1093231,1561758,203244,290348,304889,435556,16101,23002
PL12,2048,1093428,1562041,205954,294221,302526,432180,17060,24372
PL12,2049,1093626,1562324,208665,298094,300163,428805,18019,25742
PL12,2050,1093824,1562607,211376,301967,297801,425430,18978,27112
PL12,2051,1091917,1559882,213962,305661,297458,424940,19996,28566
PL12,2052,1090009,1557157,216549,309355,297115,424450,21014,30020
PL12,2053,1088102,1554432,219135,313050,296772,423960,22032,31474
PL12,2054,1086194,1551707,221721,316744,296429,423470,23050,32928
PL12,2055,1084287,1548982,224307,320439,296086,422981,24068,34383
PL12,2056,1082998,1547140,225918,322741,295134,421621,24283,34691
PL12,2057,1081708,1545298,227530,325043,294183,420261,24499,34999
PL12,2058,1080419,1543456,229141,327345,293231,418902,24715,35307
PL12,2059,1079130,1541614,230753,329647,292279,417542,24931,35615
PL12,2060,1077841,1539773,232364,331950,291328,416183,25146,35924
PL12,2061,1076826,1538323,233897,334138,290038,414340,25350,36215
PL12,2062,1075811,1536873,235429,336327,288748,412498,25555,36507
PL12,2063,1074796,1535423,236961,338516,287459,410655,25759,36798
PL12,2064,1073781,1533973,238493,340705,286169,408813,25963,37090
PL12,2065,1072766,1532524,240025,342894,284879,406971,26167,37382
PL12,2066,1071386,1530552,241088,344412,284029,405755,25870,36957
PL12,2067,1070006,1528580,242152,345931,283178,404540,25573,36533
PL12,2068,1068626,1526609,243215,347450,282327,403325,25276,36109
PL12,2069,1067246,1524637,244278,348969,281477,402110,24979,35685
PL12,2070,1065866,1522666,245341,350488,280626,400895,24682,35261
PL21,2010,348586,497981,23447,33497,122472,174961,0,0
PL21,2011,350789,501127,23952,34218,121730,173900,0,0
PL21,2012,352992,504274,24457,34939,120987,172839,0,0
PL21,2013,355194,507421,24962,35660,120245,171779,0,0
PL21,2014,357397,510568,25466,36381,119503,170718,0,0
PL21,2015,359600,513715,25971,37102,118760,169658,0,0
PL21,2016,357188,510269,25970,37100,119181,170260,9,14
PL21,2017,354776,506823,25969,37098,119603,170862,19,28
PL21,2018,352363,503377,25968,37097,120024,171464,29,42
PL21,2019,349951,499931,25966,37095,120446,172066,39,56
PL21,2020,347539,496485,25965,37094,120867,172668,49,71
PL21,2021,346303,494719,25847,36924,120114,171592,52,74
PL21,2022,345067,492953,25728,36755,119362,170517,55,78
PL21,2023,343831,491187,25610,36586,118609,169442,57,82
PL21,2024,342595,489421,25492,36417,117857,168367,60,86
PL21,2025,341359,487656,25373,36248,117104,167292,62,90
PL21,2026,341210,487443,25362,36232,115218,164597,126,180
PL21,2027,341061,487230,25351,36216,113331,161902,189,271
PL21,2028,340912,487017,25340,36200,111445,159208,253,361
PL21,2029,340763,486804,25328,36184,109559,156513,316,452
PL21,2030,340614,486592,25317,36168,107673,153819,380,543
PL21,2031,339397,484854,25133,35904,106711,152445,403,576
PL21,2032,338181,483116,24948,35640,105749,151071,426,609
PL21,2033,336965,481378,24764,35377,104787,149697,449,642
PL21,2034,335748,479640,24579,35113,103826,148323,473,675
PL21,2035,334532,477903,24395,34850,102864,146949,496,709
PL21,2036,330650,472357,24404,34864,104887,149839,624,892
PL21,2037,326768,466811,24414,34878,106911,152730,752,1075
PL21,2038,322886,461266,24424,34892,108934,155620,881,1258
PL21,2039,319004,455720,24434,34906,110957,158511,1009,1441
PL21,2040,315122,450175,24444,34920,112981,161402,1137,1625
PL21,2041,312582,446546,25018,35740,113524,162177,1841,2630
PL21,2042,310042,442917,25592,36561,114067,162953,2545,3635
PL21,2043,307502,439288,26167,37381,114610,163728,3248,4641
PL21,2044,304961,435659,26741,38202,115153,164504,3952,5646
PL21,2045,302421,432031,27316,39023,115695,165280,4656,6652
PL21,2046,298885,426979,27627,39467,117525,167893,4990,7128
PL21,2047,295349,421927,27938,39911,119354,170506,5323,7605
PL21,2048,291812,416875,28249,40356,121184,173120,5657,8082
PL21,2049,288276,411823,28560,40800,123013,175733,5991,8559
PL21,2050,284740,406772,28871,41245,124842,178347,6325,9036
PL21,2051,283184,404549,29184,41692,124492,177846,6680,9543
PL21,2052,281628,402326,29498,42140,124142,177346,7035,10050
PL21,2053,280072,400103,29811,42587,123792,176845,7390,10557
PL21,2054,278516,397880,30124,43035,123441,176345,7745,11064
PL21,2055,276960,395658,30438,43483,123091,175845,8100,11572
PL21,2056,275459,393513,30533,43619,122636,175194,8207,11725
PL21,2057,273957,391368,30629,43756,122180,174543,8314,11878
PL21,2058,272456,389223,30725,43893,121725,173893,8421,12031
PL21,2059,270955,387078,30821,44030,121269,173242,8528,12184
PL21,2060,269453,384934,30916,44167,120814,172592,8635,12337
PL21,2061,267597,382282,30973,44247,120665,172379,8730,12472
PL21,2062,265741,379630,31029,44327,120517,172167,8825,12607
PL21,2063,263885,376978,31085,44408,120368,171954,8920,12743
PL21,2064,262028,374326,31142,44488,120219,171742,9015,12878
PL21,2065,260172,371675,31198,44569,120070,171530,9109,13014
PL21,2066,258886,369837,31036,44338,119596,170852,9031,12902
PL21,2067,257600,368000,30875,44107,119121,170174,8953,12791
PL21,2068,256313,366162,30713,43876,118647,169496,8875,12679
PL21,2069,255027,364325,30552,43645,118172,168818,8797,12568
PL21,2070,253741,362488,30390,43415,117697,168140,8719,12457
PL22,2010,258303,369005,8625,12322,63270,90386,0,0
PL22,2011,260328,371898,9198,13141,62506,89295,0,0
PL22,2012,262354,374791,9772,13960,61743,88204,0,0
PL22,2013,264379,377685,10346,14780,60979,87113,0,0
PL22,2014,266405,380578,10919,15599,60215,86022,0,0
PL22,2015,268430,383472,11493,16419,59452,84932,0,0
PL22,2016,267007,381439,11481,16402,59667,85238,6,9
PL22,2017,265585,379407,11470,16386,59881,85545,13,18
PL22,2018,264162,377374,11458,16369,60096,85852,19,28
PL22,2019,262739,375342,11447,16353,60311,86159,26,37
PL22,2020,261316,373310,11435,16337,60526,86466,32,47
PL22,2021,259991,371415,11396,16280,60552,86503,34,49
PL22,2022,258665,369521,11356,16224,60578,86540,36,51
PL22,2023,257339,367627,11317,16167,60604,86577,37,54
PL22,2024,256013,365733,11277,16111,60630,86614,39,56
PL22,2025,254687,363839,11238,16055,60656,86652,41,59
PL22,2026,253294,361849,11236,16051,60827,86896,81,116
PL22,2027,251901,359859,11234,16048,60997,87140,122,174
PL22,2028,250508,357869,11231,16045,61168,87384,162,232
PL22,2029,249115,355879,11229,16042,61339,87628,203,290
PL22,2030,247722,353889,11227,16039,61510,87872,243,348
PL22,2031,246530,352186,11105,15865,61302,87575,257,368
PL22,2032,245339,350484,10984,15691,61094,87278,271,388
PL22,2033,244147,348782,10862,15518,60887,86981,286,408
PL22,2034,242956,347080,10741,15344,60679,86684,300,428
PL22,2035,241764,345378,10619,15171,60471,86388,314,449
PL22,2036,240704,343864,10615,15165,60135,85907,394,563
PL22,2037,239645,342350,10611,15159,59799,85427,473,677
PL22,2038,238585,340836,10607,15154,59462,84946,553,791
PL22,2039,237525,339322,10604,15148,59126,84466,633,905
PL22,2040,236466,337809,10600,15143,58790,83986,713,1019
PL22,2041,235328,336183,10937,15624,58741,83916,1147,1638
PL22,2042,234191,334558,11274,16106,58693,83847,1580,2258
PL22,2043,233053,332933,11611,16587,58644,83777,2014,2877
PL22,2044,231915,331308,11948,17069,58595,83708,2448,3497
PL22,2045,230778,329683,12285,17551,58547,83639,2881,4117
PL22,2046,229373,327675,12445,17779,58836,84052,3080,4400
PL22,2047,227968,325668,12605,18007,59125,84465,3278,4684
PL22,2048,226562,323661,12765,18236,59415,84878,3477,4967
PL22,2049,225157,321654,12925,18464,59704,85291,3675,5251
PL22,2050,223752,319647,13085,18693,59993,85705,3874,5535
PL22,2051,222572,317961,13236,18909,59872,85532,4084,5835
PL22,2052,221393,316275,13388,19125,59752,85360,4295,6135
PL22,2053,220213,314590,13539,19342,59631,85187,4505,6436
PL22,2054,219033,312904,13691,19558,59510,85015,4715,6736
PL22,2055,217853,311219,13842,19775,59390,84843,4925,7037
PL22,2056,216793,309705,13840,19771,59229,84613,4982,7118
PL22,2057,215733,308191,13837,19768,59068,84384,5039,7199
PL22,2058,214673,306677,13835,19764,58908,84154,5096,7281
PL22,2059,213614,305163,13832,19761,58747,83925,5153,7362
PL22,2060,212554,303649,13830,19758,58587,83696,5210,7444
PL22,2061,211381,301974,13812,19732,58517,83596,5261,7516
PL22,2062,210209,300299,13794,19706,58448,83497,5311,7588
PL22,2063,209037,298624,13776,19681,58378,83398,5362,7660
PL22,2064,207864,296949,13758,19655,58309,83299,5412,7732
PL22,2065,206692,295275,13741,19630,58239,83200,5462,7804
PL22,2066,205669,293813,13619,19456,58002,82860,5409,7728
PL22,2067,204646,292351,13497,19282,57764,82520,5356,7652
PL22,2068,203623,290890,13375,19108,57526,82181,5304,7577
PL22,2069,202600,289428,13253,18934,57289,81841,5251,7501
PL22,2070,201576,287967,13132,18760,57051,81502,5198,7426
PL31,2010,889197,1270282,56266,80380,196659,280942,0,0
PL31,2011,890156,1271652,56020,80028,197679,282399,0,0
PL31,2012,891115,1273022,55774,79677,198700,283857,0,0
PL31,2013,892074,1274392,55528,79325,199720,285315,0,0
PL31,2014,893033,1275762,55282,78974,200741,286773,0,0
PL31,2015,893992,1277132,55036,78623,201761,288231,0,0
PL31,2016,893165,1275951,55492,79275,201150,287358,21,31
PL31,2017,892339,1274770,55949,79927,200539,286485,43,62
PL31,2018,891512,1273589,56406,80580,199928,285612,65,94
PL31,2019,890685,1272408,56862,81232,199317,284739,87,125
PL31,2020,889858,1271227,57319,81885,198706,283867,109,157
PL31,2021,889225,1270322,57554,82220,197754,282506,116,165
PL31,2022,888592,1269417,57789,82555,196801,281145,122,174
PL31,2023,887958,1268512,58023,82891,195848,279784,128,183
PL31,2024,887325,1267607,58258,83226,194896,278423,134,192
PL31,2025,886692,1266703,58493,83562,193943,277062,140,201
PL31,2026,886288,1266126,59063,84376,192851,275502,282,404
PL31,2027,885884,1265549,59633,85191,191760,273943,424,607
PL31,2028,885480,1264972,60204,86005,190668,272383,567,810
PL31,2029,885077,1264395,60774,86820,189577,270824,709,1013
PL31,2030,884673,1263819,61344,87635,188485,269265,851,1216
PL31,2031,884011,1262873,61543,87919,187497,267853,902,1289
PL31,2032,883348,1261927,61742,88204,186509,266442,953,1362
PL31,2033,882686,1260981,61942,88488,185521,265031,1004,1435
PL31,2034,882024,1260035,62141,88773,184534,263620,1055,1508
PL31,2035,881362,1259089,62340,89058,183546,262209,1106,1581
PL31,2036,881324,1259034,63136,90195,182265,260379,1393,1990
PL31,2037,881286,1258980,63932,91332,180984,258549,1679,2399
PL31,2038,881248,1258926,64729,92470,179703,256719,1966,2809
PL31,2039,881210,1258872,65525,93607,178422,254889,2253,3218
PL31,2040,881172,1258818,66321,94745,177141,253059,2539,3628
PL31,2041,879806,1256865,68314,97592,177236,253194,4086,5838
PL31,2042,878439,1254913,70307,100439,177331,253330,5633,8048
PL31,2043,877072,1252961,72301,103287,177426,253466,7180,10258
PL31,2044,875706,1251009,74294,106134,177521,253602,8727,12468
PL31,2045,874339,1249057,76287,108982,177616,253738,10274,14678
PL31,2046,872914,1247020,78039,111484,177877,254111,10956,15651
PL31,2047,871488,1244984,79791,113987,178139,254484,11637,16625
PL31,2048,870063,1242947,81543,116490,178400,254858,12319,17599
PL31,2049,868637,1240911,83295,118993,178662,255231,13001,18573
PL31,2050,867212,1238875,85047,121496,178923,255605,13682,19547
PL31,2051,866312,1237588,86754,123934,178537,255053,14406,20580
PL31,2052,865411,1236302,88461,126373,178151,254502,15129,21613
PL31,2053,864511,1235016,90168,128811,177765,253951,15852,22646
PL31,2054,863611,1233730,91875,131250,177380,253400,16575,23679
PL31,2055,862710,1232444,93582,133689,176994,252849,17299,24713
PL31,2056,861662,1230946,94871,135531,176779,252541,17473,24961
PL31,2057,860613,1229448,96161,137373,176564,252234,17647,25210
PL31,2058,859565,1227950,97450,139215,176349,251927,17821,25458
PL31,2059,858516,1226452,98739,141057,176134,251620,17995,25707
PL31,2060,857467,1224954,100029,142899,175919,251313,18169,25956
PL31,2061,856639,1223771,101245,144637,175454,250649,18334,26192
PL31,2062,855811,1222588,102462,146375,174989,249985,18500,26429
PL31,2063,854983,1221405,103679,148113,174524,249321,18666,26665
PL31,2064,854155,1220222,104895,149851,174059,248657,18831,26902
PL31,2065,853328,1219040,106112,151589,173595,247993,18997,27139
PL31,2066,852560,1217943,106977,152824,173207,247439,18797,26853
PL31,2067,851793,1216847,107841,154059,172820,246886,18597,26567
PL31,2068,851025,1215751,108706,155295,172432,246332,18397,26282
PL31,2069,850258,1214655,109571,156530,172045,245779,18197,25996
PL31,2070,849491,1213559,110436,157766,171658,245226,17997,25711
PL32,2010,378333,540476,22421,32031,177610,253729,0,0
PL32,2011,379424,542035,22889,32698,177886,254124,0,0
PL32,2012,380516,543594,23356,33366,178163,254519,0,0
PL32,2013,381607,545154,23823,34033,178440,254914,0,0
PL32,2014,382699,546713,24290,34701,178716,255309,0,0
PL32,2015,383791,548273,24758,35369,178993,255705,0,0
PL32,2016,383271,547530,24855,35508,178069,254385,11,16
PL32,2017,382750,546787,24953,35647,177146,253065,22,32
PL32,2018,382230,546044,25051,35787,176222,251746,34,49
PL32,2019,381710,545301,25148,35926,175298,250426,45,65
PL32,2020,381190,544558,25246,36066,174374,249107,57,82
PL32,2021,381504,545007,25194,35992,172564,246521,60,86
PL32,2022,381819,545456,25143,35919,170754,243935,63,90
PL32,2023,382133,545905,25092,35846,168944,241349,66,95
PL32,2024,382447,546354,25041,35773,167134,238763,69,99
PL32,2025,382762,546803,24990,35700,165324,236178,72,104
PL32,2026,381695,545279,25129,35899,164929,235613,146,209
PL32,2027,380629,543756,25268,36098,164534,235049,219,314
PL32,2028,379563,542233,25408,36297,164139,234485,293,419
PL32,2029,378497,540710,25547,36496,163744,233921,366,524
PL32,2030,377430,539187,25687,36696,163349,233357,440,629
PL32,2031,374852,535503,25748,36783,164319,234742,467,667
PL32,2032,372273,531819,25809,36870,165289,236127,493,705
PL32,2033,369694,528135,25870,36958,166258,237512,520,743
PL32,2034,367116,524451,25931,37045,167228,238897,547,781
PL32,2035,364537,520768,25993,37133,168198,240283,574,820
PL32,2036,362710,518157,26217,37454,168689,240985,722,1032
PL32,2037,360882,515546,26442,37775,169181,241687,871,1244
PL32,2038,359055,512936,26667,38096,169673,242390,1020,1457
PL32,2039,357227,510325,26891,38417,170164,243092,1168,1669
PL32,2040,355400,507715,27116,38738,170656,243795,1317,1882
PL32,2041,354046,505781,28002,40003,170674,243820,2133,3047
PL32,2042,352693,503847,28887,41268,170691,243845,2949,4213
PL32,2043,351339,501913,29773,42533,170709,243870,3765,5378
PL32,2044,349985,499979,30659,43798,170726,243895,4581,6544
PL32,2045,348632,498046,31544,45064,170744,243920,5397,7710
PL32,2046,346539,495056,32142,45917,171584,245120,5792,8274
PL32,2047,344446,492066,32739,46770,172424,246320,6187,8839
PL32,2048,342353,489076,33336,47623,173264,247521,6582,9403
PL32,2049,340260,486086,33933,48476,174105,248721,6977,9968
PL32,2050,338167,483097,34531,49330,174945,249922,7373,10533
PL32,2051,337165,481665,35121,50173,174498,249284,7797,11139
PL32,2052,336163,480234,35712,51017,174052,248646,8222,11746
PL32,2053,335161,478802,36302,51860,173606,248008,8646,12352
PL32,2054,334159,477371,36893,52704,173159,247370,9071,12959
PL32,2055,333158,475940,37483,53548,172713,246733,9496,13566
PL32,2056,331941,474201,37791,53988,172491,246416,9632,13760
PL32,2057,330724,472463,38099,54428,172270,246100,9768,13954
PL32,2058,329507,470724,38407,54868,172049,245784,9904,14149
PL32,2059,328290,468986,38715,55308,171827,245468,10040,14343
PL32,2060,327073,467248,39023,55748,171606,245152,10176,14538
PL32,2061,325770,465386,39294,56135,171402,244860,10297,14710
PL32,2062,324467,463525,39565,56522,171198,244569,10417,14882
PL32,2063,323164,461663,39836,56909,170994,244277,10538,15054
PL32,2064,321861,459802,40107,57296,170790,243986,10658,15226
PL32,2065,320558,457941,40378,57684,170586,243695,10779,15399
PL32,2066,319098,455854,40458,57797,170558,243654,10696,15280
PL32,2067,317637,453768,40537,57911,170530,243614,10612,15161
PL32,2068,316177,451681,40617,58024,170502,243574,10529,15042
PL32,2069,314716,449595,40696,58138,170473,243534,10446,14923
PL32,2070,313256,447509,40776,58252,170445,243494,10362,14804
PL33,2010,345802,494004,45453,64934,88668,126669,0,0
PL33,2011,346998,495712,46686,66695,88665,126664,0,0
PL33,2012,348194,497420,47919,68456,88662,126660,0,0
PL33,2013,349389,499128,49152,70217,88659,126656,0,0
PL33,2014,350585,500836,50385,71978,88656,126652,0,0
PL33,2015,351780,502544,51618,73740,88653,126648,0,0
PL33,2016,350633,500905,52739,75342,88888,126984,9,13
PL33,2017,349486,499266,53861,76945,89124,127320,18,26
PL33,2018,348339,497628,54983,78547,89359,127656,27,39
PL33,2019,347192,495989,56105,80150,89594,127992,36,52
PL33,2020,346045,494351,57227,81753,89830,128329,45,65
PL33,2021,344737,492482,58317,83311,90046,128638,48,68
PL33,2022,343429,490614,59408,84869,90263,128947,50,72
PL33,2023,342122,488745,60499,86427,90479,129256,53,75
PL33,2024,340814,486877,61590,87985,90696,129565,55,79
PL33,2025,339506,485009,62680,89544,90912,129875,58,83
PL33,2026,338744,483920,64089,91556,90680,129544,116,166
PL33,2027,337982,482832,65497,93568,90449,129213,175,250
PL33,2028,337221,481744,66906,95580,90217,128882,233,333
PL33,2029,336459,480656,68314,97592,89985,128551,292,417
PL33,2030,335697,479568,69722,99604,89754,128220,350,501
PL33,2031,335446,479209,70952,101361,88748,126783,371,530
PL33,2032,335196,478851,72182,103118,87743,125347,392,560
PL33,2033,334945,478493,73412,104875,86737,123911,412,589
PL33,2034,334694,478135,74642,106632,85732,122475,433,619
PL33,2035,334443,477777,75873,108390,84727,121039,454,649
PL33,2036,332831,475473,77300,110429,85278,121825,569,814
PL33,2037,331218,473169,78728,112469,85828,122612,685,979
PL33,2038,329606,470866,80156,114509,86379,123399,801,1144
PL33,2039,327993,468562,81584,116549,86930,124186,916,1309
PL33,2040,326381,466259,83012,118589,87481,124973,1032,1475
PL33,2041,324924,464178,84946,121352,87856,125509,1664,2377
PL33,2042,323467,462097,86881,124116,88231,126045,2295,3279
PL33,2043,322011,460016,88815,126879,88607,126581,2927,4181
PL33,2044,320554,457935,90750,129643,88982,127117,3558,5083
PL33,2045,319097,455854,92684,132407,89357,127654,4190,5986
PL33,2046,317047,452925,94473,134962,90377,129110,4485,6407
PL33,2047,314997,449996,96262,137517,91397,130567,4779,6828
PL33,2048,312947,447068,98050,140072,92417,132024,5074,7249
PL33,2049,310897,444139,99839,142627,93436,133481,5369,7670
PL33,2050,308847,441211,101628,145183,94456,134938,5664,8092
PL33,2051,308074,440106,103184,147407,94199,134570,5978,8540
PL33,2052,307301,439002,104741,149631,93942,134203,6292,8989
PL33,2053,306528,437897,106298,151855,93685,133836,6606,9437
PL33,2054,305755,436793,107855,154079,93428,133469,6920,9886
PL33,2055,304982,435689,109412,156303,93171,133102,7234,10335
PL33,2056,304046,434351,110759,158227,93083,132976,7325,10465
PL33,2057,303109,433014,112105,160151,92995,132850,7416,10595
PL33,2058,302173,431676,113452,162075,92906,132724,7507,10725
PL33,2059,301237,430339,114799,163999,92818,132598,7599,10855
PL33,2060,300301,429002,116146,165924,92730,132472,7690,10986
PL33,2061,299465,427807,117407,167724,92555,132222,7770,11100
PL33,2062,298629,426613,118667,169524,92380,131972,7850,11215
PL33,2063,297793,425419,119927,171325,92206,131723,7930,11329
PL33,2064,296957,424225,121187,173125,92031,131473,8011,11444
PL33,2065,296121,423031,122448,174926,91856,131224,8091,11559
PL33,2066,295204,421721,123560,176514,91784,131120,8018,11454
PL33,2067,294288,420411,124672,178103,91712,131017,7945,11350
PL33,2068,293371,419102,125784,179692,91640,130914,7872,11246
PL33,2069,292454,417792,126896,181281,91567,130811,7799,11142
PL33,2070,291538,416483,128008,182870,91495,130708,7726,11038
PL34,2010,520638,743769,6232,8904,240363,343377,0,0
PL34,2011,520599,743713,6882,9831,239614,342306,0,0
PL34,2012,520560,743657,7531,10759,238864,341235,0,0
PL34,2013,520521,743602,8180,11686,238115,340164,0,0
PL34,2014,520482,743546,8830,12614,237365,339093,0,0
PL34,2015,520443,743491,9479,13542,236616,338023,0,0
PL34,2016,519826,742608,9615,13736,236000,337143,14,21
PL34,2017,519208,741726,9751,13931,235384,336263,29,42
PL34,2018,518590,740843,9888,14125,234768,335384,44,63
PL34,2019,517972,739961,10024,14320,234153,334504,58,84
PL34,2020,517355,739079,10160,14515,233537,333625,73,105
PL34,2021,516426,737751,10257,14653,233360,333371,77,110
PL34,2022,515496,736424,10354,14792,233183,333118,81,116
PL34,2023,514567,735096,10451,14930,233005,332865,85,122
PL34,2024,513638,733769,10548,15069,232828,332612,89,128
PL34,2025,512709,732442,10645,15208,232651,332359,93,134
PL34,2026,511469,730671,10865,15522,232691,332416,187,268
PL34,2027,510230,728900,11085,15836,232731,332473,281,402
PL34,2028,508991,727130,11305,16150,232771,332530,375,536
PL34,2029,507751,725359,11524,16464,232811,332587,469,670
PL34,2030,506512,723589,11744,16778,232851,332645,563,805
PL34,2031,501071,715816,11849,16927,237283,338976,597,854
PL34,2032,495630,708043,11953,17076,241714,345307,632,903
PL34,2033,490189,700271,12058,17226,246146,351638,666,952
PL34,2034,484749,692498,12162,17375,250578,357969,700,1001
PL34,2035,479308,684726,12267,17525,255009,364300,735,1050
PL34,2036,478838,684055,12624,18034,254276,363251,925,1322
PL34,2037,478369,683385,12980,18544,253542,362203,1115,1594
PL34,2038,477900,682714,13337,19053,252808,361155,1306,1866
PL34,2039,477431,682044,13694,19563,252075,360107,1496,2138
PL34,2040,476961,681374,14051,20073,251341,359059,1687,2410
PL34,2041,477680,682400,15253,21791,249687,356696,2730,3900
PL34,2042,478398,683426,16456,23509,248034,354334,3773,5390
PL34,2043,479116,684452,17659,25227,246380,351972,4816,6880
PL34,2044,479835,685478,18862,26945,244727,349610,5859,8370
PL34,2045,480553,686505,20064,28664,243073,347248,6902,9861
PL34,2046,484166,691666,20866,29808,237972,339961,7414,10592
PL34,2047,487778,696827,21667,30953,232872,332674,7926,11323
PL34,2048,491391,701988,22468,32097,227771,325387,8438,12054
PL34,2049,495004,707149,23269,33242,222670,318100,8950,12785
PL34,2050,498616,712310,24070,34387,217569,310814,9461,13517
PL34,2051,496943,709919,24884,35549,218352,311932,10006,14294
PL34,2052,495269,707528,25698,36711,219136,313051,10550,15072
PL34,2053,493596,705137,26511,37874,219919,314170,11095,15850
PL34,2054,491922,702746,27325,39036,220702,315289,11639,16628
PL34,2055,490249,700356,28139,40199,221485,316408,12184,17406
PL34,2056,488202,697432,28600,40857,222545,317922,12361,17659
PL34,2057,486156,694509,29061,41516,223606,319437,12538,17912
PL34,2058,484110,691586,29522,42174,224666,320952,12716,18166
PL34,2059,482064,688663,29983,42833,225727,322467,12893,18419
PL34,2060,480017,685740,30444,43492,226787,323982,13071,18673
PL34,2061,478959,684227,30720,43886,226934,324192,13219,18884
PL34,2062,477900,682714,30997,44281,227081,324402,13367,19096
PL34,2063,476841,681202,31273,44676,227228,324612,13515,19307
PL34,2064,475782,679689,31549,45071,227375,324822,13663,19519
PL34,2065,474723,678177,31826,45466,227523,325033,13811,19731
PL34,2066,474396,677709,31434,44906,226827,324039,13702,19575
PL34,2067,474068,677241,31042,44346,226132,323046,13593,19419
PL34,2068,473741,676773,30650,43786,225437,322053,13484,19264
PL34,2069,473414,676305,30258,43226,224742,321060,13376,19108
PL34,2070,473086,675838,29866,42667,224046,320067,13267,18953
PL41,2010,1057633,1510905,31919,45600,158370,226244,0,0
PL41,2011,1055375,1507679,31683,45262,158138,225912,0,0
PL41,2012,1053118,1504454,31447,44925,157906,225580,0,0
PL41,2013,1050860,1501229,31211,44587,157674,225248,0,0
PL41,2014,1048602,1498004,30975,44250,157441,224916,0,0
PL41,2015,1046345,1494779,30739,43913,157209,224585,0,0
PL41,2016,1044552,1492217,31042,44346,156962,224232,24,35
PL41,2017,1042758,1489655,31345,44779,156716,223880,49,71
PL41,2018,1040965,1487093,31649,45213,156469,223528,74,106
PL41,2019,1039172,1484531,31952,45646,156223,223176,99,142
PL41,2020,1037378,1481970,32255,46080,155976,222824,124,178
PL41,2021,1035243,1478918,32437,46339,155962,222803,131,188
PL41,2022,1033107,1475867,32618,46598,155947,222782,138,198
PL41,2023,1030971,1472815,32800,46857,155932,222761,146,208
PL41,2024,1028835,1469764,32981,47116,155918,222740,153,218
PL41,2025,1026699,1466713,33163,47376,155903,222719,160,229
PL41,2026,1023641,1462345,33602,48004,156864,224092,322,461
PL41,2027,1020584,1457977,34042,48632,157826,225466,485,693
PL41,2028,1017526,1453609,34482,49260,158787,226839,647,925
PL41,2029,1014469,1449241,34921,49888,159749,228213,810,1157
PL41,2030,1011411,1444874,35361,50516,160710,229587,972,1390
PL41,2031,1010292,1443275,35561,50802,159791,228273,1035,1479
PL41,2032,1009173,1441676,35761,51088,158872,226960,1098,1568
PL41,2033,1008054,1440077,35962,51374,157953,225647,1160,1658
PL41,2034,1006935,1438478,36162,51660,157033,224334,1223,1747
PL41,2035,1005815,1436880,36362,51947,156114,223021,1285,1837
PL41,2036,1003652,1433789,37053,52933,156088,222984,1624,2320
PL41,2037,1001489,1430699,37743,53919,156063,222947,1962,2803
PL41,2038,999326,1427609,38433,54905,156037,222910,2300,3286
PL41,2039,997163,1424519,39124,55891,156011,222873,2638,3769
PL41,2040,995000,1421429,39814,56878,155985,222837,2976,4252
PL41,2041,993341,1419058,41907,59867,155710,222443,4786,6837
PL41,2042,991682,1416688,44000,62857,155434,222049,6595,9422
PL41,2043,990022,1414318,46093,65847,155159,221656,8405,12008
PL41,2044,988363,1411948,48186,68837,154883,221262,10215,14593
PL41,2045,986704,1409578,50278,71827,154608,220869,12025,17179
PL41,2046,984468,1406383,51734,73905,154748,221068,12825,18321
PL41,2047,982231,1403188,53189,75984,154888,221268,13624,19464
PL41,2048,979995,1399993,54644,78063,155027,221468,14424,20606
PL41,2049,977758,1396798,56099,80142,155167,221668,15224,21749
PL41,2050,975522,1393603,57554,82221,155307,221868,16024,22892
PL41,2051,973730,1391043,58986,84266,155145,221636,16874,24106
PL41,2052,971938,1388484,60418,86312,154983,221405,17724,25320
PL41,2053,970147,1385924,61850,88357,154821,221173,18574,26534
PL41,2054,968355,1383365,63282,90403,154659,220942,19424,27748
PL41,2055,966564,1380806,64714,92449,154497,220711,20274,28963
PL41,2056,964730,1378186,65583,93691,154331,220474,20482,29260
PL41,2057,962897,1375567,66453,94933,154165,220237,20690,29557
PL41,2058,961063,1372948,67322,96175,154000,220000,20898,29854
PL41,2059,959230,1370329,68192,97417,153834,219763,21106,30151
PL41,2060,957396,1367710,69062,98660,153668,219526,21314,30449
PL41,2061,955476,1364966,69892,99846,153698,219569,21512,30732
PL41,2062,953556,1362223,70723,101033,153728,219612,21711,31015
PL41,2063,951636,1359480,71553,102219,153759,219656,21909,31299
PL41,2064,949716,1356737,72384,103406,153789,219699,22107,31582
PL41,2065,947795,1353994,73215,104593,153820,219743,22306,31866
PL41,2066,946323,1351890,73646,105208,153564,219377,22076,31537
PL41,2067,944850,1349786,74077,105824,153307,219011,21845,31208
PL41,2068,943377,1347682,74508,106440,153051,218645,21615,30879
PL41,2069,941905,1345578,74939,107056,152795,218279,21385,30550
PL41,2070,940432,1343475,75370,107672,152539,217914,21155,30222
PL42,2010,587421,839173,27294,38992,140925,201322,0,0
PL42,2011,585907,837010,26319,37599,139811,199730,0,0
PL42,2012,584394,834848,25344,36206,138696,198138,0,0
PL42,2013,582880,832686,24369,34814,137582,196546,0,0
PL42,2014,581366,830524,23395,33421,136468,194954,0,0
PL42,2015,579853,828362,22420,32029,135354,193363,0,0
PL42,2016,578194,825992,22703,32433,135379,193398,14,20
PL42,2017,576535,823622,22986,32838,135404,193434,28,40
PL42,2018,574876,821252,23269,33242,135429,193470,42,60
PL42,2019,573217,818882,23553,33647,135454,193506,56,80
PL42,2020,571559,816513,23836,34052,135479,193542,70,101
PL42,2021,568804,812578,23938,34197,136446,194924,74,106
PL42,2022,566050,808643,24040,34343,137414,196306,78,112
PL42,2023,563296,804708,24142,34489,138381,197688,82,118
PL42,2024,560541,800773,24244,34635,139349,199070,86,124
PL42,2025,557787,796839,24346,34781,140316,200452,91,130
PL42,2026,556109,794442,24472,34961,140251,200359,182,261
PL42,2027,554432,792045,24598,35141,140186,200266,274,392
PL42,2028,552754,789649,24725,35321,140121,200173,366,523
PL42,2029,551076,787252,24851,35501,140056,200080,458,654
PL42,2030,549399,784856,24977,35682,139990,199987,550,786
PL42,2031,547876,782680,24734,35335,139985,199979,584,834
PL42,2032,546352,780504,24492,34989,139980,199971,618,883
PL42,2033,544829,778328,24249,34642,139974,199964,652,932
PL42,2034,543306,776152,24007,34296,139969,199956,686,981
PL42,2035,541783,773976,23765,33950,139964,199949,721,1030
PL42,2036,540916,772737,24142,34489,138908,198441,909,1299
PL42,2037,540049,771498,24519,35028,137853,196933,1097,1568
PL42,2038,539182,770260,24897,35567,136797,195425,1286,1837
PL42,2039,538315,769021,25274,36106,135742,193917,1474,2106
PL42,2040,537448,767783,25652,36646,134687,192410,1663,2376
PL42,2041,535030,764329,26748,38211,135500,193572,2699,3856
PL42,2042,532612,760875,27844,39777,136313,194734,3736,5337
PL42,2043,530195,757421,28940,41343,137127,195896,4772,6818
PL42,2044,527777,753967,30036,42909,137940,197058,5809,8299
PL42,2045,525359,750514,31132,44475,138754,198220,6846,9780
PL42,2046,523649,748070,32040,45772,138868,198383,7351,10502
PL42,2047,521939,745627,32949,47070,138982,198546,7857,11225
PL42,2048,520229,743184,33857,48367,139096,198709,8363,11948
PL42,2049,518518,740741,34765,49665,139210,198872,8869,12671
PL42,2050,516808,738298,35674,50963,139325,199036,9375,13394
PL42,2051,514818,735455,36489,52128,139459,199228,9918,14169
PL42,2052,512829,732613,37305,53293,139594,199420,10461,14944
PL42,2053,510839,729770,38121,54458,139729,199613,11004,15720
PL42,2054,508849,726928,38936,55623,139863,199805,11546,16495
PL42,2055,506860,724086,39752,56789,139998,199998,12089,17271
PL42,2056,505052,721503,40270,57529,139842,199775,12269,17527
PL42,2057,503244,718920,40788,58269,139686,199552,12448,17783
PL42,2058,501436,716338,41306,59009,139530,199329,12628,18040
PL42,2059,499628,713755,41824,59749,139374,199106,12807,18296
PL42,2060,497821,711173,42343,60490,139218,198883,12987,18553
PL42,2061,496066,708666,42626,60895,139114,198735,13140,18772
PL42,2062,494311,706159,42910,61301,139011,198587,13294,18991
PL42,2063,492556,703652,43194,61706,138908,198440,13447,19211
PL42,2064,490802,701145,43478,62112,138804,198292,13601,19430
PL42,2065,489047,698639,43762,62518,138701,198145,13755,19650
PL42,2066,486825,695464,43863,62662,138995,198565,13646,19495
PL42,2067,484603,692290,43964,62806,139290,198986,13538,19340
PL42,2068,482381,689116,44065,62950,139584,199406,13429,19185
PL42,2069,480159,685942,44166,63094,139879,199827,13321,19030
PL42,2070,477937,682768,44267,63239,140173,200248,13212,18875
PL43,2010,263767,376811,11650,16643,49268,70384,0,0
PL43,2011,264121,377316,11666,16666,48942,69918,0,0
PL43,2012,264475,377821,11682,16689,48616,69452,0,0
PL43,2013,264829,378327,11698,16712,48291,68987,0,0
PL43,2014,265182,378832,11714,16735,47965,68521,0,0
PL43,2015,265536,379338,11730,16758,47639,68056,0,0
PL43,2016,263925,377036,11632,16618,48390,69129,6,9
PL43,2017,262314,374734,11535,16478,49142,70203,12,18
PL43,2018,260703,372433,11437,16339,49894,71277,18,27
PL43,2019,259092,370131,11339,16199,50645,72351,25,36
PL43,2020,257480,367830,11242,16060,51397,73425,31,45
PL43,2021,255352,364788,11167,15953,52672,75246,33,47
PL43,2022,253223,361747,11092,15846,53947,77067,34,49
PL43,2023,251094,358706,11017,15739,55222,78888,36,52
PL43,2024,248965,355665,10942,15632,56496,80709,38,54
PL43,2025,246836,352624,10867,15525,57771,82531,39,57
PL43,2026,246035,351478,10898,15569,57819,82598,80,114
PL43,2027,245233,350333,10929,15613,57866,82666,120,172
PL43,2028,244431,349188,10959,15657,57913,82733,161,230
PL43,2029,243630,348043,10990,15701,57960,82801,201,288
PL43,2030,242828,346898,11021,15745,58008,82869,242,346
PL43,2031,241961,345659,10940,15629,58031,82902,257,368
PL43,2032,241094,344420,10859,15513,58055,82935,273,390
PL43,2033,240227,343182,10777,15397,58078,82969,288,412
PL43,2034,239360,341943,10696,15281,58101,83002,304,434
PL43,2035,238493,340705,10615,15165,58125,83036,319,457
PL43,2036,237806,339723,10684,15264,57834,82620,402,574
PL43,2037,237118,338741,10754,15363,57543,82205,484,692
PL43,2038,236431,337759,10823,15462,57252,81789,567,810
PL43,2039,235743,336777,10892,15561,56962,81374,649,928
PL43,2040,235056,335795,10962,15660,56671,80959,732,1046
PL43,2041,233809,334014,11373,16247,57153,81647,1179,1685
PL43,2042,232563,332233,11784,16834,57635,82336,1627,2325
PL43,2043,231316,330452,12195,17422,58117,83024,2075,2964
PL43,2044,230070,328671,12606,18009,58599,83713,2523,3604
PL43,2045,228823,326891,13017,18597,59081,84402,2970,4244
PL43,2046,227688,325269,13264,18949,59515,85022,3174,4535
PL43,2047,226553,323647,13511,19301,59949,85642,3378,4826
PL43,2048,225418,322026,13757,19654,60383,86262,3582,5117
PL43,2049,224283,320404,14004,20006,60817,86882,3786,5408
PL43,2050,223148,318783,14251,20359,61251,87502,3989,5700
PL43,2051,221991,317131,14488,20698,61623,88033,4206,6009
PL43,2052,220835,315479,14726,21037,61995,88565,4422,6318
PL43,2053,219679,313828,14963,21376,62367,89096,4638,6627
PL43,2054,218523,312176,15201,21715,62739,89628,4855,6936
PL43,2055,217367,310525,15438,22055,63111,90160,5071,7245
PL43,2056,216344,309063,15525,22179,63362,90518,5129,7328
PL43,2057,215321,307602,15612,22303,63613,90876,5187,7411
PL43,2058,214298,306140,15699,22427,63863,91234,5245,7494
PL43,2059,213275,304679,15786,22551,64114,91592,5303,7577
PL43,2060,212252,303218,15873,22676,64364,91950,5362,7660
PL43,2061,211079,301542,15937,22767,64754,92506,5413,7734
PL43,2062,209907,299867,16001,22859,65143,93062,5465,7808
PL43,2063,208734,298191,16065,22951,65532,93618,5517,7882
PL43,2064,207561,296516,16130,23043,65921,94174,5569,7956
PL43,2065,206388,294841,16194,23135,66311,94730,5621,8030
PL43,2066,205058,292940,16164,23092,66740,95343,5565,7950
PL43,2067,203727,291039,16134,23049,67169,95956,5509,7871
PL43,2068,202397,289139,16104,23006,67599,96570,5454,7791
PL43,2069,201067,287238,16074,22963,68028,97183,5398,7712
PL43,2070,199736,285338,16044,22921,68457,97797,5343,7633
PL51,2010,596764,852521,16827,24039,125026,178609,0,0
PL51,2011,596435,852050,16403,23433,124336,177623,0,0
PL51,2012,596105,851579,15979,22827,123645,176637,0,0
PL51,2013,595775,851108,15555,22222,122955,175651,0,0
PL51,2014,595445,850637,15131,21616,122265,174665,0,0
PL51,2015,595116,850166,14707,21011,121575,173679,0,0
PL51,2016,593607,848011,14684,20978,121387,173411,14,20
PL51,2017,592099,845856,14662,20945,121200,173143,28,40
PL51,2018,590591,843702,14639,20913,121012,172875,42,60
PL51,2019,589083,841547,14616,20880,120825,172607,56,80
PL51,2020,587575,839393,14593,20848,120637,172340,70,101
PL51,2021,584715,835307,14474,20677,122068,174383,74,106
PL51,2022,581855,831222,14355,20507,123499,176427,78,112
PL51,2023,578996,827137,14235,20336,124929,178470,82,118
PL51,2024,576136,823052,14116,20166,126360,180514,86,124
PL51,2025,573276,818967,13997,19996,127790,182558,91,130
PL51,2026,571641,816631,14075,20107,127898,182712,183,261
PL51,2027,570006,814295,14152,20218,128007,182867,275,393
PL51,2028,568371,811959,14230,20329,128115,183022,367,525
PL51,2029,566736,809623,14308,20440,128224,183177,460,657
PL51,2030,565100,807287,14386,20552,128332,183332,552,789
PL51,2031,565177,807396,14352,20504,126837,181196,586,838
PL51,2032,565254,807505,14319,20456,125341,179060,621,887
PL51,2033,565330,807615,14285,20408,123846,176924,656,937
PL51,2034,565407,807724,14252,20360,122351,174788,690,986
PL51,2035,565483,807834,14218,20312,120856,172652,725,1036
PL51,2036,564227,806039,14404,20577,120602,172288,914,1307
PL51,2037,562971,804244,14590,20843,120347,171925,1104,1578
PL51,2038,561714,802449,14776,21109,120093,171562,1294,1849
PL51,2039,560458,800654,14962,21375,119839,171199,1484,2120
PL51,2040,559202,798860,15148,21641,119585,170836,1673,2391
PL51,2041,557412,796304,16157,23081,119912,171303,2717,3882
PL51,2042,555623,793748,17165,24522,120239,171771,3762,5374
PL51,2043,553834,791192,18174,25963,120567,172238,4806,6866
PL51,2044,552045,788636,19182,27404,120894,172706,5850,8358
PL51,2045,550256,786081,20191,28845,121221,173174,6895,9850
PL51,2046,547657,782367,20745,29636,122436,174909,7414,10591
PL51,2047,545057,778653,21300,30428,123651,176645,7933,11333
PL51,2048,542457,774939,21854,31220,124866,178381,8452,12074
PL51,2049,539858,771225,22408,32012,126082,180117,8971,12816
PL51,2050,537258,767512,22962,32804,127297,181853,9490,13558
PL51,2051,536121,765888,23512,33588,126965,181378,10051,14358
PL51,2052,534985,764264,24061,34373,126632,180904,10611,15159
PL51,2053,533848,762640,24610,35158,126300,180429,11172,15960
PL51,2054,532711,761016,25160,35943,125968,179955,11732,16761
PL51,2055,531575,759393,25709,36728,125636,179481,12293,17562
PL51,2056,530193,757419,25865,36951,125589,179413,12484,17835
PL51,2057,528812,755446,26021,37174,125542,179346,12676,18109
PL51,2058,527431,753473,26177,37397,125495,179279,12867,18382
PL51,2059,526050,751500,26334,37620,125448,179212,13059,18656
PL51,2060,524668,749527,26490,37843,125401,179145,13251,18930
PL51,2061,523074,747250,26636,38051,125436,179194,13419,19170
PL51,2062,521481,744973,26782,38260,125471,179244,13587,19411
PL51,2063,519887,742696,26928,38469,125506,179294,13756,19651
PL51,2064,518293,740419,27074,38678,125540,179344,13924,19892
PL51,2065,516699,738142,27220,38887,125575,179394,14093,20133
PL51,2066,514854,735506,27107,38725,125867,179811,13992,19989
PL51,2067,513008,732870,26994,38563,126159,180228,13892,19845
PL51,2068,511163,730234,26881,38402,126451,180645,13791,19702
PL51,2069,509318,727598,26768,38240,126743,181062,13691,19558
PL51,2070,507473,724962,26655,38079,127035,181480,13590,19415
PL52,2010,332866,475523,4756,6795,54713,78162,0,0
PL52,2011,333589,476556,4847,6925,54301,77573,0,0
PL52,2012,334313,477590,4939,7056,53889,76984,0,0
PL52,2013,335037,478624,5030,7186,53476,76395,0,0
PL52,2014,335760,479658,5122,7317,53064,75806,0,0
PL52,2015,336484,480692,5213,7448,52652,75218,0,0
PL52,2016,335371,479102,5236,7481,53126,75895,7,11
PL52,2017,334258,477512,5259,7514,53600,76572,15,22
PL52,2018,333145,475922,5282,7547,54075,77250,23,33
PL52,2019,332032,474332,5306,7580,54549,77927,30,44
PL52,2020,330919,472742,5329,7613,55023,78605,38,55
PL52,2021,329749,471070,5318,7597,55641,79487,40,58
PL52,2022,328579,469398,5307,7582,56259,80370,42,61
PL52,2023,327409,467727,5296,7566,56876,81252,45,64
PL52,2024,326238,466055,5285,7551,57494,82135,47,67
PL52,2025,325068,464384,5275,7536,58112,83018,49,71
PL52,2026,323798,462569,5334,7621,58751,83930,99,142
PL52,2027,322528,460755,5394,7706,59389,84842,149,213
PL52,2028,321258,458941,5454,7792,60028,85754,198,284
PL52,2029,319989,457127,5514,7877,60666,86666,248,355
PL52,2030,318719,455313,5574,7963,61305,87579,298,426
PL52,2031,319124,455892,5599,7998,60201,86002,316,452
PL52,2032,319530,456471,5623,8034,59098,84426,335,478
PL52,2033,319935,457051,5648,8069,57995,82850,353,505
PL52,2034,320341,457630,5673,8105,56891,81274,372,531
PL52,2035,320747,458210,5698,8141,55788,79698,390,558
PL52,2036,319722,456746,5807,8296,56224,80320,491,701
PL52,2037,318697,455282,5915,8451,56659,80942,591,845
PL52,2038,317672,453818,6024,8606,57095,81564,692,988
PL52,2039,316647,452354,6133,8761,57530,82186,792,1132
PL52,2040,315623,450890,6241,8917,57966,82809,893,1276
PL52,2041,314742,449632,6791,9701,58311,83302,1442,2061
PL52,2042,313861,448374,7340,10486,58657,83796,1992,2846
PL52,2043,312981,447116,7889,11271,59003,84290,2542,3632
PL52,2044,312100,445858,8439,12056,59348,84784,3092,4417
PL52,2045,311220,444600,8988,12841,59694,85278,3642,5203
PL52,2046,310547,443639,9263,13233,59843,85490,3901,5574
PL52,2047,309874,442678,9537,13625,59991,85702,4161,5945
PL52,2048,309201,441717,9811,14017,60140,85914,4421,6316
PL52,2049,308529,440756,10086,14409,60288,86126,4681,6687
PL52,2050,307856,439795,10360,14801,60437,86339,4941,7059
PL52,2051,306843,438347,10646,15209,60866,86952,5219,7456
PL52,2052,305830,436900,10932,15617,61296,87566,5498,7854
PL52,2053,304816,435452,11218,16026,61725,88179,5776,8252
PL52,2054,303803,434005,11504,16434,62155,88793,6055,8650
PL52,2055,302790,432558,11790,16843,62584,89407,6333,9048
PL52,2056,301721,431031,11877,16967,63079,90113,6416,9166
PL52,2057,300653,429504,11964,17092,63573,90819,6499,9285
PL52,2058,299584,427978,12052,17217,64067,91525,6582,9403
PL52,2059,298516,426451,12139,17342,64561,92231,6665,9522
PL52,2060,297447,424925,12226,17467,65055,92937,6748,9641
PL52,2061,295988,422840,12296,17566,65925,94179,6819,9742
PL52,2062,294529,420756,12366,17665,66795,95422,6890,9843
PL52,2063,293070,418672,12435,17765,67665,96664,6961,9945
PL52,2064,291611,416588,12505,17864,68535,97907,7032,10046
PL52,2065,290152,414504,12574,17964,69405,99150,7103,10148
PL52,2066,288969,412814,12510,17872,69988,99984,7040,10057
PL52,2067,287786,411124,12446,17781,70572,100818,6976,9966
PL52,2068,286603,409434,12382,17689,71156,101652,6912,9875
PL52,2069,285420,407744,12318,17598,71740,102486,6849,9784
PL52,2070,284237,406054,12254,17507,72324,103320,6785,9694
PL61,2010,676011,965731,17170,24529,70828,101184,0,0
PL61,2011,675357,964796,17338,24769,69951,99931,0,0
PL61,2012,674703,963861,17506,25009,69074,98678,0,0
PL61,2013,674049,962927,17675,25250,68197,97425,0,0
PL61,2014,673394,961992,17843,25490,67320,96172,0,0
PL61,2015,672740,961058,18011,25731,66443,94919,0,0
PL61,2016,671429,959185,18039,25770,66544,95064,14,21
PL61,2017,670118,957312,18067,25810,66646,95209,29,42
PL61,2018,668807,955439,18094,25849,66748,95354,44,64
PL61,2019,667496,953566,18122,25889,66849,95499,59,85
PL61,2020,666185,951694,18150,25929,66951,95645,74,107
PL61,2021,665511,950731,18046,25780,66629,95185,78,112
PL61,2022,664837,949768,17942,25632,66307,94725,82,118
PL61,2023,664163,948805,17839,25484,65985,94265,86,123
PL61,2024,663489,947842,17735,25336,65664,93805,90,129
PL61,2025,662816,946880,17631,25188,65342,93346,94,135
PL61,2026,661096,944424,17721,25315,66079,94398,188,269
PL61,2027,659377,941968,17810,25443,66815,95451,282,403
PL61,2028,657658,939512,17899,25571,67552,96503,375,537
PL61,2029,655939,937056,17989,25699,68289,97556,469,671
PL61,2030,654220,934601,18078,25827,69026,98609,563,805
PL61,2031,653650,933786,18051,25787,68719,98170,596,852
PL61,2032,653080,932971,18023,25747,68411,97731,629,899
PL61,2033,652510,932157,17995,25708,68104,97292,662,946
PL61,2034,651939,931342,17968,25668,67797,96853,695,993
PL61,2035,651369,930528,17940,25629,67490,96415,728,1041
PL61,2036,650645,929494,18115,25879,67408,96298,914,1306
PL61,2037,649922,928460,18290,26129,67326,96181,1100,1572
PL61,2038,649198,927426,18465,26379,67244,96064,1286,1837
PL61,2039,648474,926392,18640,26629,67162,95947,1472,2103
PL61,2040,647750,925358,18815,26879,67081,95830,1658,2369
PL61,2041,646562,923660,19832,28332,67260,96086,2677,3824
PL61,2042,645373,921962,20849,29785,67439,96342,3696,5280
PL61,2043,644184,920264,21867,31238,67618,96598,4715,6735
PL61,2044,642996,918566,22884,32691,67797,96854,5733,8191
PL61,2045,641807,916868,23901,34145,67977,97110,6752,9647
PL61,2046,640309,914728,24500,35000,68385,97693,7244,10349
PL61,2047,638812,912588,25099,35855,68793,98276,7735,11051
PL61,2048,637314,910449,25697,36711,69201,98859,8227,11753
PL61,2049,635816,908309,26296,37566,69609,99442,8718,12455
PL61,2050,634319,906170,26895,38422,70017,100025,9209,13157
PL61,2051,633058,904369,27424,39178,70431,100615,9732,13904
PL61,2052,631797,902568,27953,39934,70844,101206,10255,14651
PL61,2053,630536,900767,28483,40690,71258,101797,10779,15398
PL61,2054,629276,898966,29012,41446,71671,102388,11302,16145
PL61,2055,628015,897165,29541,42202,72085,102979,11825,16893
PL61,2056,627221,896031,29692,42418,72085,102979,11991,17130
PL61,2057,626428,894897,29844,42634,72086,102980,12157,17367
PL61,2058,625634,893763,29995,42851,72086,102981,12323,17604
PL61,2059,624840,892629,30147,43067,72087,102982,12489,17841
PL61,2060,624047,891496,30298,43284,72088,102983,12655,18079
PL61,2061,622598,889426,30426,43466,72649,103784,12797,18281
PL61,2062,621149,887356,30554,43649,73210,104586,12938,18484
PL61,2063,619700,885286,30682,43831,73771,105388,13080,18686
PL61,2064,618251,883216,30810,44014,74333,106190,13222,18889
PL61,2065,616802,881147,30937,44197,74894,106992,13364,19092
PL61,2066,615668,879526,30834,44049,75076,107251,13253,18933
PL61,2067,614534,877906,30731,43902,75257,107511,13142,18775
PL61,2068,613400,876286,30628,43755,75439,107770,13032,18617
PL61,2069,612266,874666,30525,43608,75621,108030,12921,18459
PL61,2070,611132,873046,30422,43461,75803,108290,12810,18301
PL62,2010,573836,819767,9104,13007,204390,291986,0,0
PL62,2011,572930,818472,9761,13945,204322,291889,0,0
PL62,2012,572024,817177,10418,14883,204255,291793,0,0
PL62,2013,571118,815883,11075,15821,204188,291697,0,0
PL62,2014,570212,814588,11731,16759,204120,291601,0,0
PL62,2015,569305,813294,12388,17698,204053,291505,0,0
PL62,2016,568065,811521,12589,17984,204168,291669,15,22
PL62,2017,566824,809749,12789,18271,204283,291834,31,44
PL62,2018,565584,807977,12990,18557,204399,291998,47,67
PL62,2019,564343,806205,13191,18844,204514,292163,62,89
PL62,2020,563103,804433,13391,19131,204629,292328,78,112
PL62,2021,561784,802549,13465,19236,205535,293622,82,118
PL62,2022,560466,800666,13539,19342,206441,294916,87,124
PL62,2023,559148,798783,13613,19448,207347,296211,91,130
PL62,2024,557830,796900,13687,19554,208253,297505,95,136
PL62,2025,556511,795017,13762,19660,209160,298800,100,143
PL62,2026,555525,793607,13748,19640,209709,299585,199,285
PL62,2027,554539,792198,13734,19620,210259,300371,299,427
PL62,2028,553552,790789,13720,19600,210809,301156,399,570
PL62,2029,552566,789380,13706,19580,211359,301942,498,712
PL62,2030,551579,787971,13692,19561,211909,302728,598,855
PL62,2031,549825,785465,13441,19202,214058,305797,634,906
PL62,2032,548071,782959,13190,18843,216206,308866,669,957
PL62,2033,546317,780454,12938,18484,218355,311936,705,1008
PL62,2034,544564,777948,12687,18125,220503,315005,741,1059
PL62,2035,542810,775443,12436,17766,222652,318075,777,1110
PL62,2036,543219,776027,12564,17949,222098,317283,977,1396
PL62,2037,543628,776611,12692,18132,221544,316492,1177,1682
PL62,2038,544037,777196,12821,18316,220990,315701,1377,1968
PL62,2039,544446,777780,12949,18499,220437,314910,1577,2254
PL62,2040,544855,778365,13078,18683,219883,314119,1778,2540
PL62,2041,542990,775700,13952,19932,220499,314999,2878,4112
PL62,2042,541125,773035,14827,21182,221116,315880,3978,5684
PL62,2043,539259,770371,15702,22431,221732,316761,5079,7256
PL62,2044,537394,767706,16576,23681,222349,317642,6179,8828
PL62,2045,535529,765042,17451,24931,222966,318523,7279,10400
PL62,2046,533125,761607,17871,25531,224087,320124,7818,11169
PL62,2047,530720,758172,18291,26131,225208,321726,8357,11939
PL62,2048,528316,754738,18711,26731,226329,323328,8896,12709
PL62,2049,525912,751303,19131,27331,227451,324930,9435,13479
PL62,2050,523508,747869,19551,27931,228572,326532,9974,14249
PL62,2051,521911,745587,19993,28562,229431,327760,10551,15073
PL62,2052,520314,743305,20435,29193,230291,328988,11129,15898
PL62,2053,518716,741024,20877,29825,231151,330216,11706,16723
PL62,2054,517119,738742,21319,30456,232010,331444,12283,17548
PL62,2055,515522,736461,21761,31088,232870,332672,12861,18373
PL62,2056,513835,734051,21744,31063,234030,334329,13050,18643
PL62,2057,512148,731641,21727,31039,235190,335986,13239,18914
PL62,2058,510461,729231,21710,31015,236350,337644,13429,19184
PL62,2059,508774,726821,21693,30991,237511,339301,13618,19455
PL62,2060,507087,724411,21676,30967,238671,340959,13808,19726
PL62,2061,506155,723078,21692,30989,239514,342164,13969,19956
PL62,2062,505222,721746,21708,31011,240358,343369,14131,20187
PL62,2063,504290,720414,21723,31034,241201,344574,14292,20418
PL62,2064,503357,719082,21739,31056,242045,345779,14454,20649
PL62,2065,502424,717750,21755,31079,242888,346984,14615,20880
PL62,2066,500910,715585,21582,30832,244270,348957,14503,20719
PL62,2067,499395,713421,21409,30585,245652,350931,14390,20558
PL62,2068,497880,711257,21236,30338,247033,352905,14277,20397
PL62,2069,496365,709093,21063,30091,248415,354879,14165,20236
PL62,2070,494850,706929,20890,29844,249797,356853,14052,20075
PL63,2010,469113,670162,12831,18330,92358,131941,0,0
PL63,2011,469503,670719,13266,18952,91832,131189,0,0
PL63,2012,469893,671276,13702,19575,91305,130437,0,0
PL63,2013,470283,671833,14138,20197,90779,129685,0,0
PL63,2014,470672,672390,14574,20820,90253,128933,0,0
PL63,2015,471062,672947,15010,21443,89726,128181,0,0
PL63,2016,469661,670944,14983,21405,89875,128393,11,16
PL63,2017,468259,668942,14956,21367,90023,128605,22,32
PL63,2018,466857,666939,14930,21329,90172,128817,34,49
PL63,2019,465456,664937,14903,21291,90320,129029,45,65
PL63,2020,464054,662935,14877,21253,90469,129242,57,82
PL63,2021,462489,660699,14742,21060,90802,129717,60,86
PL63,2022,460924,658463,14608,20868,91135,130193,63,90
PL63,2023,459359,656227,14473,20676,91468,130669,66,95
PL63,2024,457794,653991,14338,20484,91801,131145,69,99
PL63,2025,456229,651756,14204,20292,92134,131621,72,104
PL63,2026,454793,649705,14259,20370,92343,131919,144,206
PL63,2027,453358,647654,14313,20448,92553,132218,216,309
PL63,2028,451922,645603,14368,20526,92762,132517,288,411
PL63,2029,450486,643552,14423,20604,92971,132816,360,514
PL63,2030,449051,641502,14478,20683,93180,133115,431,617
PL63,2031,448563,640805,14387,20554,92714,132448,457,653
PL63,2032,448075,640108,14297,20425,92247,131782,482,689
PL63,2033,447588,639411,14207,20296,91781,131115,508,726
PL63,2034,447100,638714,14116,20167,91314,130449,533,762
PL63,2035,446612,638018,14026,20038,90848,129783,559,799
PL63,2036,446021,637174,14158,20225,90264,128949,701,1002
PL63,2037,445431,636330,14289,20413,89681,128116,844,1206
PL63,2038,444840,635486,14420,20601,89097,127282,987,1410
PL63,2039,444249,634642,14552,20789,88514,126449,1129,1614
PL63,2040,443659,633799,14683,20977,87931,125616,1272,1818
PL63,2041,442543,632205,15414,22020,88134,125907,2053,2934
PL63,2042,441428,630612,16144,23063,88338,126198,2835,4050
PL63,2043,440313,629018,16874,24106,88542,126489,3616,5166
PL63,2044,439197,627425,17604,25149,88746,126780,4397,6282
PL63,2045,438082,625832,18335,26193,88949,127071,5179,7399
PL63,2046,436935,624193,18736,26765,89284,127549,5550,7929
PL63,2047,435788,622554,19137,27338,89618,128027,5921,8459
PL63,2048,434640,620915,19537,27911,89953,128505,6293,8990
PL63,2049,433493,619276,19938,28484,90288,128983,6664,9520
PL63,2050,432346,617638,20339,29057,90622,129461,7035,10051
PL63,2051,431438,616341,20706,29580,90517,129310,7431,10616
PL63,2052,430531,615044,21072,30103,90411,129159,7826,11181
PL63,2053,429623,613748,21438,30626,90306,129008,8222,11746
PL63,2054,428716,612451,21804,31149,90200,128857,8618,12311
PL63,2055,427808,611155,22170,31672,90094,128707,9013,12877
PL63,2056,426803,609719,22245,31779,90070,128672,9131,13045
PL63,2057,425798,608283,22320,31886,90045,128637,9249,13214
PL63,2058,424793,606847,22395,31993,90021,128602,9367,13382
PL63,2059,423788,605411,22470,32100,89996,128567,9485,13551
PL63,2060,422783,603976,22544,32207,89972,128532,9604,13720
PL63,2061,421720,602457,22568,32240,90006,128580,9703,13862
PL63,2062,420657,600938,22591,32273,90039,128628,9803,14005
PL63,2063,419594,599420,22614,32306,90073,128676,9903,14147
PL63,2064,418531,597901,22637,32339,90107,128724,10003,14290
PL63,2065,417468,596383,22661,32373,90141,128773,10103,14433
PL63,2066,416386,594837,22509,32156,90166,128808,10013,14304
PL63,2067,415304,593292,22358,31940,90190,128844,9923,14176
PL63,2068,414222,591746,22206,31723,90215,128879,9833,14048
PL63,2069,413140,590201,22055,31507,90240,128915,9744,13920
PL63,2070,412059,588656,21903,31291,90265,128951,9654,13792
